customer_name,total_sales,total_quantity,total_profit,average_discount,average_shipping_days,number_of_orders,cluster,segment_name
Aaron Bergman,24646.0,301,4683.208,0.11011235955056181,3.707865168539326,89,0,High-Value Customers
Aaron Hawkins,20759.0,231,2450.92904,0.16092857142857145,3.4642857142857144,56,0,High-Value Customers
Aaron Smayling,14207.0,211,369.1618,0.16766666666666669,4.433333333333334,60,1,Regular Customers
Adam Bellavance,20189.0,262,4979.9769,0.13176470588235295,3.514705882352941,68,0,High-Value Customers
Adam Hart,21720.0,293,1902.03342,0.09323809523809523,3.6547619047619047,84,0,High-Value Customers
Adam Shillingsburg,15445.0,238,1421.27412,0.16340845070422536,4.028169014084507,71,0,High-Value Customers
Adrian Barton,25125.0,265,6417.2845,0.2090909090909091,3.896103896103896,77,0,High-Value Customers
Adrian Hane,11406.0,207,2081.37928,0.12785185185185186,3.925925925925926,54,1,Regular Customers
Adrian Shami,11287.0,144,1564.4938,0.15863636363636366,3.477272727272727,44,1,Regular Customers
Aimee Bixby,16205.0,208,2926.3543,0.10730909090909091,3.5636363636363635,55,1,Regular Customers
Alan Barnes,13053.0,232,2436.066,0.08916666666666666,4.2,60,1,Regular Customers
Alan Dominguez,18538.0,167,1539.9922000000001,0.16490909090909092,3.9272727272727272,55,1,Regular Customers
Alan Haines,15281.0,258,-592.24612,0.1844935064935065,3.8701298701298703,77,0,High-Value Customers
Alan Hwang,23641.0,292,4342.37078,0.11083783783783784,4.0675675675675675,74,0,High-Value Customers
Alan Schoenberger,21837.0,231,2503.6348,0.16287671232876713,4.205479452054795,73,0,High-Value Customers
Alan Shonely,10692.0,246,1175.45416,0.12742857142857145,3.6507936507936507,63,1,Regular Customers
Alejandro Ballentine,15463.0,207,758.6139,0.11529411764705882,4.485294117647059,68,1,Regular Customers
Alejandro Grove,13419.0,255,2602.57212,0.04901492537313432,3.7761194029850746,67,0,High-Value Customers
Alejandro Savely,21124.0,273,2533.56606,0.056519480519480525,3.844155844155844,77,0,High-Value Customers
Aleksandra Gannaway,14715.0,206,773.1465999999999,0.16758620689655174,4.120689655172414,58,1,Regular Customers
Alex Avila,15993.0,165,983.2565,0.12300000000000001,4.02,50,1,Regular Customers
Alex Grayson,15071.0,250,1006.97208,0.2132987012987013,3.4935064935064934,77,0,High-Value Customers
Alex Russell,16469.0,209,2290.6598,0.1446875,4.203125,64,1,Regular Customers
Alice McCarthy,18765.0,284,2977.8523999999998,0.08792207792207793,3.987012987012987,77,0,High-Value Customers
Allen Armold,6537.0,169,754.9193999999999,0.16181818181818183,3.6545454545454548,55,1,Regular Customers
Allen Goldenen,8928.0,178,447.265,0.2038490566037736,3.4150943396226414,53,1,Regular Customers
Allen Rosenblatt,9529.0,168,-552.28182,0.19044,4.42,50,1,Regular Customers
Alyssa Crouse,12296.0,180,444.03550000000007,0.13590163934426228,4.245901639344262,61,1,Regular Customers
Alyssa Tate,14945.0,185,2795.5313,0.1789230769230769,4.3076923076923075,65,1,Regular Customers
Amy Cox,17155.0,143,3980.4112,0.17102564102564102,3.358974358974359,39,1,Regular Customers
Amy Hunt,9202.0,143,718.3349800000001,0.09087179487179488,3.8205128205128207,39,1,Regular Customers
Andrew Allen,19758.0,175,2071.08818,0.105875,4.3125,48,1,Regular Customers
Andrew Gjertsen,16381.0,302,2642.21386,0.16694871794871796,3.91025641025641,78,0,High-Value Customers
Andrew Roberts,16914.0,235,3561.75886,0.09674285714285714,4.371428571428571,70,0,High-Value Customers
Andy Gerbode,11339.0,139,169.3896999999999,0.19431818181818183,4.045454545454546,44,1,Regular Customers
Andy Reiter,8545.0,89,3139.0833,0.11857142857142858,3.4,35,1,Regular Customers
Andy Yotov,8542.0,163,2290.97634,0.07203999999999999,4.6,50,1,Regular Customers
Anemone Ratner,11492.0,178,1994.65032,0.12564,4.12,50,1,Regular Customers
Angele Hood,11357.0,170,1610.0721,0.1893877551020408,4.163265306122449,49,1,Regular Customers
Ann Blume,18727.0,238,1870.0106999999998,0.106875,3.4375,64,0,High-Value Customers
Ann Chong,15027.0,264,880.12778,0.11665060240963857,3.9036144578313254,83,0,High-Value Customers
Ann Steele,11818.0,164,2091.0534,0.24618181818181817,4.509090909090909,55,1,Regular Customers
Anna Andreadi,17312.0,302,2443.093,0.18564835164835164,3.4835164835164836,91,0,High-Value Customers
Anna Chung,8932.0,152,-272.12732000000005,0.18353488372093024,4.4186046511627906,43,1,Regular Customers
Anna Gayman,15392.0,249,923.0617000000001,0.2158961038961039,3.7662337662337664,77,0,High-Value Customers
Anna Häberlin,18093.0,280,2466.01172,0.12110526315789474,4.328947368421052,76,0,High-Value Customers
Anne McFarland,25522.0,303,3238.5851,0.09860759493670886,4.10126582278481,79,0,High-Value Customers
Anne Pryor,16360.0,244,2992.7651,0.12733333333333333,4.2063492063492065,63,0,High-Value Customers
Annie Thurman,13385.0,186,2659.7779,0.0710909090909091,3.672727272727273,55,1,Regular Customers
Annie Zypern,11871.0,215,924.3602999999999,0.1860294117647059,4.0,68,1,Regular Customers
Anthony Garverick,11687.0,227,175.3065,0.21055172413793102,4.586206896551724,58,1,Regular Customers
Anthony Jacobs,17757.0,232,1172.2402000000002,0.23050632911392407,3.911392405063291,79,0,High-Value Customers
Anthony Johnson,12284.0,259,2478.5824000000002,0.08506493506493507,3.74025974025974,77,0,High-Value Customers
Anthony O'Donnell,15025.0,228,1093.0996000000002,0.1285,4.483333333333333,60,1,Regular Customers
Anthony Rawles,17339.0,248,3117.6468,0.12597222222222224,3.5833333333333335,72,0,High-Value Customers
Anthony Witt,15143.0,244,1216.4120200000002,0.1654102564102564,3.8205128205128207,78,0,High-Value Customers
Arianne Irving,9281.0,176,1538.1774,0.09880000000000001,4.14,50,1,Regular Customers
Art Ferguson,28183.0,326,2278.3037,0.13989795918367348,4.091836734693878,98,0,High-Value Customers
Art Foster,20064.0,283,2971.2347800000002,0.12136842105263158,3.776315789473684,76,0,High-Value Customers
Arthur Gainer,19871.0,284,1733.2471600000001,0.14536,3.6933333333333334,75,0,High-Value Customers
Arthur Prichep,18546.0,284,3137.6156,0.07540229885057471,4.080459770114943,87,0,High-Value Customers
Arthur Wiediger,11016.0,175,2680.9669599999997,0.16881632653061224,4.469387755102041,49,1,Regular Customers
Ashley Jarboe,15949.0,195,3006.7032,0.12589285714285714,4.553571428571429,56,1,Regular Customers
Astrea Jones,13259.0,206,2531.3579799999998,0.15653333333333333,4.383333333333334,60,1,Regular Customers
Barbara Fisher,9838.0,193,1833.7316,0.1288709677419355,3.596774193548387,62,1,Regular Customers
Barry Blumstein,9883.0,211,299.4246,0.18564516129032257,3.4516129032258065,62,1,Regular Customers
Barry Franz,24082.0,228,1115.67056,0.17947826086956523,4.27536231884058,69,0,High-Value Customers
Barry Französisch,13206.0,191,940.1213,0.23858064516129032,3.6129032258064515,62,1,Regular Customers
Barry Gonzalez,20023.0,250,1530.1779999999999,0.1274626865671642,4.119402985074627,67,0,High-Value Customers
Barry Pond,10389.0,176,2090.96176,0.16143859649122808,4.245614035087719,57,1,Regular Customers
Barry Weirich,17440.0,216,3695.4033000000004,0.09945098039215687,4.176470588235294,51,1,Regular Customers
Bart Folk,13942.0,208,2084.5089000000003,0.17454545454545453,4.4363636363636365,55,1,Regular Customers
Bart Pistole,10087.0,243,984.2587,0.14557142857142857,3.4571428571428573,70,1,Regular Customers
Bart Watters,32315.0,338,3595.8858999999998,0.09666666666666666,3.9583333333333335,96,0,High-Value Customers
Becky Castell,15186.0,300,2485.9604,0.13908045977011493,3.5632183908045976,87,0,High-Value Customers
Becky Martin,27173.0,293,-1096.9254,0.17297435897435898,3.91025641025641,78,0,High-Value Customers
Becky Pak,14811.0,221,3576.20716,0.10441379310344828,3.8448275862068964,58,1,Regular Customers
Ben Ferrer,23219.0,316,4135.10114,0.07723255813953489,4.3023255813953485,86,0,High-Value Customers
Ben Peterman,16809.0,246,1343.95582,0.22759459459459458,3.864864864864865,74,0,High-Value Customers
Ben Wallace,14965.0,219,2352.20638,0.11841176470588234,4.397058823529412,68,1,Regular Customers
Benjamin Farhat,13370.0,228,641.3188,0.13470967741935486,4.145161290322581,62,1,Regular Customers
Benjamin Patterson,18714.0,207,912.2121000000001,0.16373134328358208,3.253731343283582,67,1,Regular Customers
Benjamin Venier,21366.0,200,2819.7504,0.16377049180327868,5.098360655737705,61,1,Regular Customers
Berenike Kampe,13586.0,221,2447.6789599999997,0.158,4.375,64,1,Regular Customers
Beth Fritzler,10588.0,196,661.45284,0.11813793103448277,4.017241379310345,58,1,Regular Customers
Beth Paige,12827.0,186,1958.09908,0.19367272727272725,4.1454545454545455,55,1,Regular Customers
Beth Thompson,11631.0,234,863.9258,0.1842857142857143,4.485714285714286,70,1,Regular Customers
Bill Donatelli,15276.0,232,1622.6797,0.10072463768115943,3.971014492753623,69,0,High-Value Customers
Bill Eplett,28480.0,411,7410.0053,0.08354901960784314,4.03921568627451,102,0,High-Value Customers
Bill Overfelt,8093.0,158,415.21970000000005,0.260468085106383,4.808510638297872,47,1,Regular Customers
Bill Shonely,23511.0,254,5968.90736,0.053794117647058826,4.4411764705882355,68,0,High-Value Customers
Bill Stewart,18776.0,266,1815.0301,0.19233333333333336,3.6515151515151514,66,0,High-Value Customers
Bill Tyler,11798.0,183,2544.9303,0.115,4.6,50,1,Regular Customers
Bobby Elias,18411.0,225,3789.15606,0.11223333333333334,3.45,60,0,High-Value Customers
Bobby Odegard,15029.0,213,2556.82472,0.14305263157894738,3.9298245614035086,57,1,Regular Customers
Bobby Trafton,10400.0,172,-469.7911000000001,0.2737735849056604,4.226415094339623,53,1,Regular Customers
Brad Eason,18986.0,243,978.0241,0.1627536231884058,3.391304347826087,69,0,High-Value Customers
Brad Norvell,26200.0,243,2124.05298,0.12765714285714286,4.385714285714286,70,0,High-Value Customers
Brad Thomas,11683.0,233,939.62794,0.16172307692307694,3.9076923076923076,65,1,Regular Customers
Bradley Drucker,13142.0,181,2381.066,0.12431818181818181,3.8863636363636362,44,1,Regular Customers
Bradley Nguyen,12878.0,244,2544.06892,0.05744615384615385,4.2153846153846155,65,0,High-Value Customers
Bradley Talbott,15343.0,188,1453.6353,0.1449090909090909,3.7636363636363637,55,1,Regular Customers
Brenda Bowman,16007.0,238,1738.84688,0.17146031746031745,4.285714285714286,63,1,Regular Customers
Brendan Dodson,10920.0,148,2024.7037400000002,0.06227777777777778,3.8055555555555554,36,1,Regular Customers
Brendan Murry,12055.0,157,282.13467999999995,0.10258181818181819,3.8181818181818183,55,1,Regular Customers
Brendan Sweed,12179.0,207,2045.68872,0.12158620689655172,3.7241379310344827,58,1,Regular Customers
Brian Dahlen,9890.0,160,1425.66744,0.06966666666666667,4.145833333333333,48,1,Regular Customers
Brian DeCherney,10772.0,207,984.42392,0.11047761194029851,3.91044776119403,67,1,Regular Customers
Brian Derr,16917.0,242,2792.3093000000003,0.14176470588235296,3.9705882352941178,68,0,High-Value Customers
Brian Moss,17459.0,248,4385.84518,0.0994102564102564,3.3846153846153846,78,0,High-Value Customers
Brian Stugart,22573.0,278,3612.8758,0.1119718309859155,3.7464788732394365,71,0,High-Value Customers
Brian Thompson,14896.0,218,1795.5495,0.11172413793103449,4.172413793103448,58,1,Regular Customers
Brooke Gillingham,11213.0,153,417.31988,0.15555102040816327,3.63265306122449,49,1,Regular Customers
Brosina Hoffman,28120.0,355,4876.9398,0.14637113402061855,4.278350515463917,97,0,High-Value Customers
Bruce Degenhardt,15959.0,256,2475.1561,0.1433421052631579,4.0,76,0,High-Value Customers
Bruce Geld,15381.0,198,1426.6284000000003,0.11696428571428572,3.3214285714285716,56,1,Regular Customers
Bruce Stewart,19234.0,252,496.95910000000015,0.13626506024096385,3.8674698795180724,83,0,High-Value Customers
Bryan Davis,13571.0,228,1528.27026,0.1376875,4.546875,64,1,Regular Customers
Bryan Mills,20689.0,278,2512.6168,0.13988095238095238,3.892857142857143,84,0,High-Value Customers
Bryan Spruell,17253.0,214,2783.2074000000002,0.05449275362318841,3.8115942028985508,69,0,High-Value Customers
Candace McMahon,14798.0,172,-2798.7906,0.21130434782608698,3.869565217391304,46,1,Regular Customers
Cari MacIntyre,21608.0,266,2484.686,0.1664935064935065,3.831168831168831,77,0,High-Value Customers
Cari Sayre,22067.0,208,2915.3282,0.22705882352941176,3.8088235294117645,68,0,High-Value Customers
Cari Schnelling,12179.0,162,1319.8943199999999,0.12423333333333335,3.9166666666666665,60,1,Regular Customers
Carl Jackson,13972.0,168,1957.42696,0.13699999999999998,4.267857142857143,56,1,Regular Customers
Carl Ludwig,18180.0,215,-164.26294000000013,0.13903333333333334,3.8333333333333335,60,1,Regular Customers
Carl Weiss,14357.0,218,3007.3994,0.07821818181818183,3.8363636363636364,55,1,Regular Customers
Carlos Daly,20117.0,240,5028.9094,0.1002857142857143,3.5285714285714285,70,0,High-Value Customers
Carlos Meador,10148.0,150,2206.362,0.12952380952380954,4.095238095238095,42,1,Regular Customers
Carlos Soltero,14936.0,221,-1000.07596,0.2531176470588235,3.7794117647058822,68,1,Regular Customers
Carol Adams,23993.0,200,3279.0813,0.16421052631578947,4.368421052631579,57,0,High-Value Customers
Carol Darley,13232.0,218,1880.35726,0.16929411764705882,3.6911764705882355,68,1,Regular Customers
Carol Triggs,14139.0,173,2437.80334,0.10292307692307692,3.923076923076923,52,1,Regular Customers
Caroline Jumper,19582.0,222,2417.592,0.15189655172413793,4.603448275862069,58,1,Regular Customers
Cassandra Brandow,13529.0,227,208.82850000000005,0.10966101694915255,4.0508474576271185,59,1,Regular Customers
Catherine Glotzbach,4116.0,120,-246.83939999999998,0.2991428571428571,4.285714285714286,35,1,Regular Customers
Cathy Armstrong,12293.0,207,1869.7699,0.11164285714285715,5.035714285714286,56,1,Regular Customers
Cathy Hwang,15667.0,225,2671.50966,0.06845714285714286,4.371428571428571,70,0,High-Value Customers
Cathy Prescott,19770.0,253,1750.5737,0.12323076923076923,3.7384615384615385,65,0,High-Value Customers
Chad Cunningham,12522.0,216,2622.6274399999998,0.12572413793103449,3.6724137931034484,58,1,Regular Customers
Chad McGuire,16566.0,160,2442.3472,0.09330232558139535,3.6511627906976742,43,1,Regular Customers
Chad Sievert,12348.0,185,-4.067100000000101,0.15854166666666666,4.270833333333333,48,1,Regular Customers
Charles Crestani,13350.0,180,1307.7991,0.1401694915254237,3.830508474576271,59,1,Regular Customers
Charles McCrossin,20156.0,176,746.68682,0.17167272727272728,4.0,55,1,Regular Customers
Charles Sheldon,20050.0,246,4328.5768,0.1067741935483871,4.032258064516129,62,0,High-Value Customers
Charlotte Melton,12827.0,212,117.79151999999998,0.1308,3.4,55,1,Regular Customers
Chloris Kastensmidt,14572.0,327,965.81294,0.22241666666666668,3.7083333333333335,96,0,High-Value Customers
Chris Cortes,11483.0,268,2505.8885999999998,0.09255172413793103,3.9080459770114944,87,0,High-Value Customers
Chris McAfee,11621.0,139,1887.6977,0.12218181818181818,4.136363636363637,44,1,Regular Customers
Chris Selesnick,14418.0,304,2602.5059,0.07851851851851853,4.234567901234568,81,0,High-Value Customers
Christina Anderson,21835.0,247,3662.118,0.0743768115942029,3.971014492753623,69,0,High-Value Customers
Christina DeMoss,17986.0,265,2591.7817800000003,0.11807317073170732,4.378048780487805,82,0,High-Value Customers
Christina VanderZanden,10327.0,185,605.33728,0.16473333333333334,3.55,60,1,Regular Customers
Christine Abelman,7803.0,113,867.15866,0.09353488372093023,4.0,43,1,Regular Customers
Christine Kargatis,13055.0,245,1380.71322,0.13689552238805971,4.462686567164179,67,1,Regular Customers
Christine Phan,25157.0,278,1748.2813800000001,0.09760975609756097,3.975609756097561,82,0,High-Value Customers
Christine Sundaresam,10546.0,188,-1.151800000000037,0.1437878787878788,4.136363636363637,66,1,Regular Customers
Christopher Conant,35187.0,287,5603.3337,0.12904109589041096,3.7945205479452055,73,0,High-Value Customers
Christopher Martinez,22460.0,198,3010.03432,0.18614285714285714,4.017857142857143,56,1,Regular Customers
Christopher Schild,12516.0,197,2080.04256,0.07550943396226414,3.641509433962264,53,1,Regular Customers
Christy Brittain,13938.0,194,2087.0836600000002,0.18171428571428572,4.326530612244898,49,1,Regular Customers
Chuck Clark,15040.0,229,2940.51086,0.1057,3.9,60,1,Regular Customers
Chuck Magee,13715.0,224,1476.65568,0.13544827586206895,4.327586206896552,58,1,Regular Customers
Chuck Sachs,22759.0,236,2943.10958,0.10174285714285713,3.9,70,0,High-Value Customers
Cindy Chapman,20866.0,246,4034.85446,0.12516216216216217,4.04054054054054,74,0,High-Value Customers
Cindy Schnelling,12775.0,197,188.87189999999993,0.19274193548387097,4.193548387096774,62,1,Regular Customers
Cindy Stewart,13432.0,153,-6151.558099999999,0.09952380952380951,4.119047619047619,42,1,Regular Customers
Claire Gute,14662.0,184,2566.57842,0.1590769230769231,3.9423076923076925,52,1,Regular Customers
Claudia Bergmann,18261.0,241,2167.21744,0.12086111111111111,4.347222222222222,72,0,High-Value Customers
Clay Cheatham,9345.0,191,1524.5489400000001,0.1367,3.9833333333333334,60,1,Regular Customers
Clay Ludtke,19784.0,284,1323.4289800000001,0.11141772151898734,3.8227848101265822,79,0,High-Value Customers
Clay Rozendal,11759.0,164,1945.9958,0.16926829268292684,4.0,41,1,Regular Customers
Clytie Kelty,17141.0,289,2373.63598,0.12825316455696203,3.7088607594936707,79,0,High-Value Customers
Corey Catlett,17604.0,212,3003.011,0.11475409836065574,3.721311475409836,61,0,High-Value Customers
Corey Roper,22354.0,262,2345.12208,0.1623896103896104,3.5584415584415585,77,0,High-Value Customers
Corey-Lock,13049.0,238,1196.03996,0.15091176470588236,4.3088235294117645,68,1,Regular Customers
Corinna Mitchell,15580.0,174,-955.0624199999999,0.2576296296296296,3.814814814814815,54,1,Regular Customers
Craig Carreira,11497.0,210,-280.98170000000005,0.18256716417910446,3.701492537313433,67,1,Regular Customers
Craig Carroll,16815.0,210,2249.8603000000003,0.2049090909090909,3.890909090909091,55,1,Regular Customers
Craig Leslie,19378.0,248,2670.3287,0.10855072463768116,4.188405797101449,69,0,High-Value Customers
Craig Molinari,11230.0,179,1210.3413,0.17907407407407408,3.7037037037037037,54,1,Regular Customers
Craig Reiter,20848.0,224,1435.4373600000001,0.27384415584415583,3.4155844155844157,77,0,High-Value Customers
Craig Yedwab,14220.0,200,1542.243,0.10203333333333334,3.9,60,1,Regular Customers
Cyma Kinney,10596.0,211,525.3842999999999,0.09031884057971015,3.6666666666666665,69,1,Regular Customers
Cynthia Arntzen,19834.0,213,3891.2644999999998,0.16721311475409834,4.147540983606557,61,0,High-Value Customers
Cynthia Delaney,14500.0,228,2154.3026999999997,0.10514705882352941,4.338235294117647,68,1,Regular Customers
Cynthia Voltz,14857.0,181,1910.1065,0.145,3.425925925925926,54,1,Regular Customers
Cyra Reiten,15657.0,188,3312.72046,0.0892962962962963,3.6296296296296298,54,1,Regular Customers
Damala Kotsonis,20961.0,274,2917.8505,0.195,4.290697674418604,86,0,High-Value Customers
Dan Campbell,13439.0,231,-70.48979999999997,0.13701298701298703,3.74025974025974,77,1,Regular Customers
Dan Lawera,12690.0,270,426.03500000000014,0.2015,4.397058823529412,68,1,Regular Customers
Dan Reichenbach,16705.0,309,1984.3986000000002,0.1478809523809524,4.238095238095238,84,0,High-Value Customers
Dana Kaydos,19638.0,242,1363.56276,0.11537142857142858,4.328571428571428,70,0,High-Value Customers
Daniel Byrd,15392.0,209,1656.9395000000002,0.13876923076923076,3.6153846153846154,65,1,Regular Customers
Daniel Lacy,12201.0,219,1108.44,0.2579444444444444,4.527777777777778,72,1,Regular Customers
Daniel Raglin,27932.0,289,6103.97292,0.15995294117647058,4.176470588235294,85,0,High-Value Customers
Dario Medina,22297.0,266,2306.92722,0.15518421052631579,3.75,76,0,High-Value Customers
Darren Budd,9681.0,98,586.9649,0.10709677419354839,4.064516129032258,31,1,Regular Customers
Darren Koutras,14903.0,226,1287.9167,0.122375,3.8125,64,1,Regular Customers
Darren Powers,15980.0,275,-517.4512,0.21524390243902436,4.146341463414634,82,0,High-Value Customers
Darrin Martin,17733.0,268,1991.7519,0.13454545454545455,3.1515151515151514,66,0,High-Value Customers
Darrin Sayre,13283.0,252,1487.6673999999998,0.18382352941176472,3.8676470588235294,68,1,Regular Customers
Darrin Van Huff,22749.0,298,616.32492,0.2490851063829787,3.627659574468085,94,0,High-Value Customers
Dave Brooks,25550.0,255,3652.3608600000002,0.1679142857142857,3.057142857142857,70,0,High-Value Customers
Dave Hallsten,16191.0,270,1681.8685,0.09361445783132531,4.156626506024097,83,0,High-Value Customers
Dave Kipp,19456.0,214,4080.5637,0.1144375,3.390625,64,0,High-Value Customers
Dave Poirier,25901.0,247,4600.1323,0.15329032258064515,4.064516129032258,62,0,High-Value Customers
David Bremer,6275.0,116,-2270.6965800000003,0.20741176470588235,3.764705882352941,34,1,Regular Customers
David Flashing,11540.0,169,363.0722000000001,0.21653846153846154,4.1923076923076925,52,1,Regular Customers
David Kendrick,17559.0,206,2179.1376999999998,0.12637931034482758,3.9482758620689653,58,1,Regular Customers
David Philippe,23730.0,260,834.5305200000001,0.18738235294117644,4.529411764705882,68,0,High-Value Customers
David Smith,13634.0,219,1713.4145,0.10333333333333333,4.2063492063492065,63,1,Regular Customers
David Wiener,10930.0,187,1739.0983,0.13285714285714284,4.464285714285714,56,1,Regular Customers
Dean Braden,14132.0,250,1425.8078,0.20342465753424657,3.315068493150685,73,0,High-Value Customers
Dean Katz,10652.0,202,1007.098,0.11732142857142858,3.8392857142857144,56,1,Regular Customers
Dean percer,22833.0,260,3959.16412,0.08520987654320988,4.3580246913580245,81,0,High-Value Customers
Deanra Eno,12799.0,179,1735.4974,0.07636363636363637,3.672727272727273,55,1,Regular Customers
Deborah Brumfield,12578.0,193,1640.2389,0.15862068965517243,3.5172413793103448,58,1,Regular Customers
Debra Catini,16972.0,213,865.3341,0.11114814814814815,3.759259259259259,54,1,Regular Customers
Deirdre Greer,16715.0,240,2374.3181,0.1296875,3.609375,64,0,High-Value Customers
Delfina Latchford,20252.0,304,2798.5357,0.11578947368421054,3.6447368421052633,76,0,High-Value Customers
Denise Leinenbach,17936.0,281,2747.4922,0.096,3.466666666666667,75,0,High-Value Customers
Denise Monton,22051.0,240,-2597.8029,0.19627118644067798,4.1525423728813555,59,1,Regular Customers
Dennis Bolton,10610.0,196,1922.71686,0.11561538461538462,3.8846153846153846,52,1,Regular Customers
Dennis Kane,20103.0,287,2965.5079,0.07631578947368423,3.9078947368421053,76,0,High-Value Customers
Dennis Pardue,11661.0,170,2688.1890000000003,0.08052631578947368,4.228070175438597,57,1,Regular Customers
Denny Blanton,16634.0,199,1958.55586,0.1163921568627451,3.9019607843137254,51,1,Regular Customers
Denny Joy,22561.0,232,3255.39614,0.12638095238095237,4.238095238095238,63,0,High-Value Customers
Denny Ordway,18797.0,252,4137.6354,0.11578313253012047,4.180722891566265,83,0,High-Value Customers
Dianna Arnett,15248.0,241,-297.8313399999999,0.17106666666666664,4.066666666666666,60,1,Regular Customers
Dianna Vittorini,16951.0,218,3342.72258,0.05323809523809524,3.984126984126984,63,0,High-Value Customers
Dianna Wilson,23456.0,312,5029.0892,0.09577272727272729,3.590909090909091,88,0,High-Value Customers
Dionis Lloyd,16648.0,206,1560.868,0.1464285714285714,3.5535714285714284,56,1,Regular Customers
Don Jones,21395.0,276,4310.462,0.07330769230769231,3.923076923076923,78,0,High-Value Customers
Don Miller,11836.0,196,-273.4155199999999,0.14426923076923076,3.1153846153846154,52,1,Regular Customers
Don Weiss,14384.0,212,425.7092,0.21451612903225808,3.935483870967742,62,1,Regular Customers
Dorothy Badders,10384.0,177,1242.2766,0.1606530612244898,4.183673469387755,49,1,Regular Customers
Dorothy Dickinson,11071.0,234,1399.6512,0.11518181818181819,4.2727272727272725,66,1,Regular Customers
Dorothy Wardle,12606.0,289,870.557,0.13702702702702704,4.094594594594595,74,0,High-Value Customers
Dorris liebe,14720.0,162,1851.7062,0.19379310344827586,3.810344827586207,58,1,Regular Customers
Doug Bickford,12855.0,209,2967.6800000000003,0.11555172413793104,3.896551724137931,58,1,Regular Customers
Doug Jacobs,13852.0,198,2675.7544000000003,0.1288888888888889,4.333333333333333,54,1,Regular Customers
Doug O'Connell,13772.0,222,1816.73452,0.16241176470588237,4.147058823529412,68,1,Regular Customers
Duane Benoit,13604.0,147,1417.79834,0.18033333333333332,4.285714285714286,42,1,Regular Customers
Duane Huffman,12477.0,177,2151.1435,0.12962962962962962,3.037037037037037,54,1,Regular Customers
Duane Noonan,14915.0,187,233.54249999999996,0.16233333333333333,4.466666666666667,60,1,Regular Customers
Ed Braxton,15525.0,230,1488.6075999999998,0.13384615384615384,4.461538461538462,65,1,Regular Customers
Ed Jacobs,10699.0,143,1209.9476,0.14933333333333332,4.288888888888889,45,1,Regular Customers
Ed Ludwig,14209.0,260,1155.5394000000001,0.09859154929577464,3.507042253521127,71,0,High-Value Customers
Edward Becker,9428.0,188,1487.154,0.14795918367346939,3.938775510204082,49,1,Regular Customers
Edward Hooks,21272.0,307,671.1933999999999,0.18095238095238095,4.440476190476191,84,0,High-Value Customers
Edward Nazzal,7072.0,147,237.69949999999997,0.20304347826086958,3.6956521739130435,46,1,Regular Customers
Eileen Kiefer,7124.0,127,765.4778000000001,0.1413888888888889,3.75,36,1,Regular Customers
Eleni McCrary,14584.0,166,1897.36954,0.12596296296296294,4.444444444444445,54,1,Regular Customers
Elizabeth Moffitt,14508.0,194,1988.0723600000001,0.14021875,3.859375,64,1,Regular Customers
Ellis Ballard,21986.0,174,5848.74774,0.09112280701754386,4.245614035087719,57,0,High-Value Customers
Elpida Rittenbach,17131.0,187,2585.7182000000003,0.11320754716981132,3.5849056603773586,53,1,Regular Customers
Emily Burns,7037.0,108,20.558200000000028,0.24828571428571428,4.314285714285714,35,1,Regular Customers
Emily Ducich,18549.0,259,2572.4465,0.16065789473684208,4.0,76,0,High-Value Customers
Emily Grady,23114.0,226,2604.2372800000003,0.14644444444444443,4.126984126984127,63,0,High-Value Customers
Emily Phan,16770.0,254,2103.96474,0.1561388888888889,4.569444444444445,72,0,High-Value Customers
Eric Barreto,11967.0,150,2091.7421,0.1175,4.020833333333333,48,1,Regular Customers
Eric Hoffmann,10351.0,229,2250.05482,0.12425352112676055,4.154929577464789,71,1,Regular Customers
Eric Murdock,28085.0,392,3306.01548,0.15344,4.07,100,0,High-Value Customers
Erica Bern,16119.0,250,3030.7344,0.15249350649350651,4.402597402597403,77,0,High-Value Customers
Erica Hackney,9481.0,171,1556.9195,0.13470588235294118,4.372549019607843,51,1,Regular Customers
Erica Hernandez,13008.0,199,794.6513,0.11789473684210526,3.719298245614035,57,1,Regular Customers
Erica Smith,14719.0,220,3127.37644,0.13838805970149254,3.5671641791044775,67,0,High-Value Customers
Erin Ashbrook,11521.0,246,868.06012,0.19544444444444445,4.152777777777778,72,1,Regular Customers
Erin Creighton,6731.0,177,831.7727,0.1886206896551724,4.431034482758621,58,1,Regular Customers
Erin Mull,15321.0,216,3939.46018,0.10341935483870968,3.774193548387097,62,0,High-Value Customers
Erin Smith,18160.0,232,2175.2919,0.14354054054054055,4.108108108108108,74,0,High-Value Customers
Eudokia Martin,13723.0,191,1764.7839,0.12901639344262295,4.081967213114754,61,1,Regular Customers
Eugene Barchas,16085.0,196,2893.6639,0.2159375,4.28125,64,1,Regular Customers
Eugene Hildebrand,22424.0,287,1660.3308200000001,0.17513953488372092,3.895348837209302,86,0,High-Value Customers
Eugene Moren,23411.0,346,3624.25176,0.16463829787234044,3.882978723404255,94,0,High-Value Customers
Eva Jacobs,14957.0,174,2794.5691,0.11248979591836736,4.183673469387755,49,1,Regular Customers
Evan Bailliet,8006.0,176,565.6232,0.13127659574468084,4.297872340425532,47,1,Regular Customers
Evan Henry,16377.0,193,2281.5105200000003,0.14511475409836067,4.180327868852459,61,1,Regular Customers
Evan Minnotte,19672.0,232,3647.45576,0.09412121212121212,3.106060606060606,66,0,High-Value Customers
Filia McAdams,17287.0,237,1394.0246,0.13886956521739133,4.318840579710145,69,0,High-Value Customers
Frank Atkinson,14350.0,229,1496.1937,0.2285483870967742,3.9193548387096775,62,1,Regular Customers
Frank Carlisle,12410.0,177,2780.7909999999997,0.09549019607843137,4.470588235294118,51,1,Regular Customers
Frank Gastineau,9704.0,156,1034.1122,0.14886363636363636,3.840909090909091,44,1,Regular Customers
Frank Hawley,13686.0,160,3547.5756,0.09937499999999999,3.4375,48,1,Regular Customers
Frank Merwin,16388.0,272,2601.29072,0.15496103896103897,3.9220779220779223,77,0,High-Value Customers
Frank Olsen,17775.0,296,3023.7504,0.13341176470588234,3.7058823529411766,85,0,High-Value Customers
Frank Preis,10760.0,211,937.1935000000001,0.19490909090909092,4.2727272727272725,55,1,Regular Customers
Fred Chung,9323.0,156,1496.69624,0.11258823529411764,3.764705882352941,51,1,Regular Customers
Fred Harton,10766.0,138,2888.03482,0.08623809523809524,4.095238095238095,42,1,Regular Customers
Fred Hopkins,30404.0,290,4609.29112,0.1413658536585366,3.707317073170732,82,0,High-Value Customers
Fred McMath,7441.0,142,1015.5115,0.23021739130434782,3.8043478260869565,46,1,Regular Customers
Fred Wasserman,18194.0,234,1683.7903999999999,0.15597222222222223,4.125,72,0,High-Value Customers
Gary Hansen,15269.0,270,613.8054799999999,0.14213157894736841,3.3684210526315788,76,0,High-Value Customers
Gary Hwang,24629.0,377,3908.1151000000004,0.13823529411764707,3.607843137254902,102,0,High-Value Customers
Gary McGarr,16518.0,189,1665.0138799999997,0.13455172413793104,3.586206896551724,58,1,Regular Customers
Gary Mitchum,11011.0,148,2872.1064,0.14534883720930233,4.651162790697675,43,1,Regular Customers
Gary Zandusky,24700.0,255,3742.4389,0.11794871794871795,4.32051282051282,78,0,High-Value Customers
Gene Hale,15488.0,208,2295.9524,0.10279999999999999,4.14,50,1,Regular Customers
Gene McClure,11003.0,175,1553.25212,0.09885106382978723,4.042553191489362,47,1,Regular Customers
George Ashbrook,13806.0,216,792.3443199999999,0.14486206896551726,3.8793103448275863,58,1,Regular Customers
George Bell,12183.0,185,656.2901,0.1464285714285714,4.25,56,1,Regular Customers
George Zrebassa,15294.0,200,4105.5978000000005,0.12142307692307693,4.288461538461538,52,1,Regular Customers
Georgia Rosenberg,13850.0,212,496.27974,0.18583870967741936,3.5483870967741935,62,1,Regular Customers
Giulietta Baptist,12570.0,234,1633.26568,0.12184848484848484,3.8636363636363638,66,1,Regular Customers
Giulietta Dortch,18705.0,218,1888.1499,0.17164285714285715,3.607142857142857,56,1,Regular Customers
Giulietta Weimer,18071.0,215,1199.0592,0.14912280701754385,4.350877192982456,57,1,Regular Customers
Grace Kelly,19982.0,236,3495.2934,0.17307692307692307,3.9692307692307693,65,0,High-Value Customers
Grant Thornton,20226.0,182,-3577.92306,0.18508333333333335,3.9583333333333335,48,1,Regular Customers
Greg Guthrie,13901.0,279,1523.52326,0.09669333333333333,3.8933333333333335,75,0,High-Value Customers
Greg Hansen,13997.0,240,1584.66962,0.2102153846153846,4.507692307692308,65,1,Regular Customers
Greg Matthias,13600.0,235,-1337.92006,0.20502702702702705,4.0675675675675675,74,1,Regular Customers
Greg Maxwell,15355.0,203,-11.358500000000213,0.13671875,4.046875,64,1,Regular Customers
Greg Tran,35552.0,310,5214.13118,0.14144827586206898,4.528735632183908,87,0,High-Value Customers
Guy Armstrong,10285.0,208,771.9774,0.17875,4.34375,64,1,Regular Customers
Guy Phonely,15403.0,256,1250.1096,0.15,3.824324324324324,74,0,High-Value Customers
Guy Thornton,9061.0,195,784.1793200000001,0.106,3.7580645161290325,62,1,Regular Customers
Hallie Redmond,15680.0,206,1705.2724,0.1098360655737705,4.852459016393443,61,1,Regular Customers
Harold Dahlen,20070.0,249,2631.1922,0.19098765432098766,4.283950617283951,81,0,High-Value Customers
Harold Engle,10993.0,240,1710.43802,0.12273239436619719,4.253521126760563,71,1,Regular Customers
Harold Pawlan,8517.0,157,880.2212,0.1522222222222222,3.7333333333333334,45,1,Regular Customers
Harold Ryan,10034.0,130,1456.03576,0.15163636363636365,3.977272727272727,44,1,Regular Customers
Harry Greene,24217.0,343,-291.4922799999999,0.11912871287128712,4.267326732673268,101,0,High-Value Customers
Harry Marie,28477.0,313,6958.2864,0.1591764705882353,4.576470588235294,85,0,High-Value Customers
Heather Jas,15435.0,227,2618.261,0.07691176470588236,3.6323529411764706,68,0,High-Value Customers
Heather Kirkland,15541.0,204,2494.9302000000002,0.12233333333333334,3.9,60,1,Regular Customers
Helen Abelman,16930.0,234,-761.6941599999999,0.22893548387096774,3.9838709677419355,62,1,Regular Customers
Helen Andreada,10414.0,209,1561.1586,0.13412698412698415,3.7777777777777777,63,1,Regular Customers
Helen Wasserman,18372.0,235,2555.1131,0.09272727272727273,3.5757575757575757,66,0,High-Value Customers
Henia Zydlo,12487.0,174,741.4829,0.1942456140350877,3.8596491228070176,57,1,Regular Customers
Henry Goldwyn,17168.0,271,-1597.5109,0.1476338028169014,4.140845070422535,71,1,Regular Customers
Henry MacAllister,17128.0,222,2673.3391,0.105625,4.453125,64,0,High-Value Customers
Herbert Flentye,11813.0,241,-653.1279,0.1716883116883117,4.1558441558441555,77,1,Regular Customers
Hilary Holden,15229.0,242,2432.32402,0.058807017543859655,4.035087719298246,57,1,Regular Customers
Hunter Glantz,16214.0,244,1532.9159,0.1306268656716418,3.343283582089552,67,0,High-Value Customers
Hunter Lopez,30246.0,207,7816.567779999999,0.11777358490566038,4.90566037735849,53,0,High-Value Customers
Ionia McGrath,9480.0,129,2447.97986,0.10517948717948719,3.8974358974358974,39,1,Regular Customers
Irene Maddox,19919.0,318,-680.30418,0.15651219512195122,4.158536585365853,82,0,High-Value Customers
Ivan Gibson,16151.0,234,1911.16818,0.11366233766233767,4.3896103896103895,77,0,High-Value Customers
Ivan Liston,12853.0,221,1181.07276,0.16565625,4.078125,64,1,Regular Customers
Jack Garza,15708.0,206,-922.2610199999999,0.18067741935483872,3.7096774193548385,62,1,Regular Customers
Jack Lebron,18673.0,281,1040.1775400000001,0.158,4.192771084337349,83,0,High-Value Customers
Jack O'Briant,13348.0,178,3045.2555,0.08333333333333333,3.980392156862745,51,1,Regular Customers
James Galang,21554.0,272,4549.1004,0.13915662650602412,3.9518072289156625,83,0,High-Value Customers
James Lanier,14847.0,174,1701.17116,0.13045283018867923,3.7735849056603774,53,1,Regular Customers
Jamie Frazer,20576.0,275,1722.6054,0.15472972972972973,4.513513513513513,74,0,High-Value Customers
Jamie Kunitz,12533.0,207,2763.7822,0.10280000000000002,3.78,50,1,Regular Customers
Jane Waco,30288.0,298,6265.8457,0.11493333333333335,3.6666666666666665,75,0,High-Value Customers
Janet Lee,20479.0,253,4730.68904,0.0771304347826087,4.188405797101449,69,0,High-Value Customers
Janet Martin,18017.0,244,1664.65432,0.16077611940298508,4.3283582089552235,67,0,High-Value Customers
Janet Molinari,16168.0,302,2780.094,0.10376623376623377,4.181818181818182,77,0,High-Value Customers
Jas O'Carroll,8819.0,164,1905.7893000000001,0.06754545454545455,3.3863636363636362,44,1,Regular Customers
Jason Fortune-,22817.0,296,2692.5273,0.13827397260273971,4.123287671232877,73,0,High-Value Customers
Jason Gross,13570.0,224,2254.6355,0.10690909090909091,3.7636363636363637,55,1,Regular Customers
Jason Klamczynski,17200.0,236,2022.38702,0.10619354838709678,2.661290322580645,62,0,High-Value Customers
Jasper Cacioppo,18443.0,264,337.791,0.2126027397260274,3.5616438356164384,73,0,High-Value Customers
Jay Fein,10818.0,215,-1874.6750000000002,0.24375,4.03125,64,1,Regular Customers
Jay Kimmel,13401.0,247,1550.04784,0.12032835820895524,3.5223880597014925,67,1,Regular Customers
Jenna Caffey,16161.0,242,1304.56232,0.14674666666666666,3.88,75,0,High-Value Customers
Jennifer Braxton,15258.0,235,2451.8621,0.1548219178082192,4.013698630136986,73,0,High-Value Customers
Jennifer Ferguson,22947.0,235,2666.84548,0.08821212121212121,3.742424242424242,66,0,High-Value Customers
Jennifer Halladay,12692.0,249,1590.6942000000001,0.12794871794871795,3.6538461538461537,78,0,High-Value Customers
Jennifer Jackson,12191.0,152,1022.6992,0.1626829268292683,4.609756097560975,41,1,Regular Customers
Jennifer Patt,14212.0,277,2079.42932,0.12082051282051282,4.333333333333333,78,0,High-Value Customers
Jeremy Ellison,6818.0,141,1318.1717,0.17209302325581396,4.6976744186046515,43,1,Regular Customers
Jeremy Farry,10722.0,178,1200.10256,0.08845614035087719,4.280701754385965,57,1,Regular Customers
Jeremy Lonsdale,11362.0,169,1186.2773,0.07395833333333333,4.166666666666667,48,1,Regular Customers
Jeremy Pistek,18659.0,266,3170.16016,0.11435135135135135,4.135135135135135,74,0,High-Value Customers
Jessica Myrick,7789.0,168,1358.9265,0.15490196078431373,4.7254901960784315,51,1,Regular Customers
Jesus Ocampo,8209.0,175,582.7569,0.1471698113207547,4.283018867924528,53,1,Regular Customers
Jill Fjeld,23621.0,274,4877.68546,0.12823076923076923,3.6666666666666665,78,0,High-Value Customers
Jill Matthias,14181.0,198,1716.7324,0.1046551724137931,4.155172413793103,58,1,Regular Customers
Jill Stevenson,10142.0,156,-161.19349999999997,0.2730612244897959,4.3061224489795915,49,1,Regular Customers
Jim Epp,13952.0,199,1371.9133000000002,0.24203125,3.25,64,1,Regular Customers
Jim Karlsson,17121.0,250,3976.3415999999997,0.09927536231884057,3.608695652173913,69,0,High-Value Customers
Jim Kriz,13071.0,157,2754.2758,0.1207906976744186,3.255813953488372,43,1,Regular Customers
Jim Mitchum,19899.0,275,1798.53406,0.12683333333333333,3.738095238095238,84,0,High-Value Customers
Jim Radford,15925.0,143,-760.4169000000002,0.085625,3.6875,48,1,Regular Customers
Jim Sink,16281.0,255,2350.4863,0.11739130434782608,3.9855072463768115,69,0,High-Value Customers
Jocasta Rupert,11242.0,129,932.5277600000001,0.16533333333333333,4.027777777777778,36,1,Regular Customers
Joe Elijah,22452.0,319,3620.8885,0.1875609756097561,3.7439024390243905,82,0,High-Value Customers
Joe Kamberova,26689.0,330,4373.5003,0.12846153846153846,3.681318681318681,91,0,High-Value Customers
Joel Eaton,21905.0,276,1528.78066,0.13751724137931035,4.689655172413793,87,0,High-Value Customers
Joel Jenkins,19993.0,264,1848.98628,0.13074698795180723,3.9397590361445785,83,0,High-Value Customers
John Castell,12298.0,178,1858.38624,0.13286792452830187,3.811320754716981,53,1,Regular Customers
John Dryer,11591.0,173,-1198.71274,0.22529166666666667,3.7916666666666665,48,1,Regular Customers
John Grady,22219.0,370,3280.7801,0.1196842105263158,4.073684210526316,95,0,High-Value Customers
John Huston,25947.0,289,5395.8237,0.11349397590361446,4.204819277108434,83,0,High-Value Customers
John Lee,25979.0,295,2393.002,0.1173611111111111,3.736111111111111,72,0,High-Value Customers
John Lucas,10503.0,169,354.24659999999994,0.214,2.96,50,1,Regular Customers
John Murray,22386.0,292,2318.1149,0.12405063291139241,3.2658227848101267,79,0,High-Value Customers
John Stevenson,12189.0,169,491.3969000000001,0.16333333333333333,3.2857142857142856,42,1,Regular Customers
Jonathan Doherty,19481.0,325,1726.7910200000001,0.09630232558139534,3.546511627906977,86,0,High-Value Customers
Jonathan Howell,16544.0,270,705.0602,0.1002469135802469,3.6049382716049383,81,0,High-Value Customers
Joni Blumstein,13339.0,205,1130.50616,0.1425762711864407,4.220338983050848,59,1,Regular Customers
Joni Sundaresam,6809.0,145,11.973400000000069,0.25754716981132075,3.547169811320755,53,1,Regular Customers
Joni Wasserman,10949.0,226,657.1068,0.18950000000000003,3.9,60,1,Regular Customers
Joseph Airdo,18169.0,254,842.3299999999999,0.17421052631578948,4.368421052631579,76,0,High-Value Customers
Joseph Holt,20939.0,317,386.67820000000006,0.12896470588235293,3.6823529411764704,85,0,High-Value Customers
Joy Bell-,24011.0,325,2867.92322,0.13585714285714284,3.9523809523809526,84,0,High-Value Customers
Joy Daniels,11346.0,221,-604.4102,0.2237313432835821,3.701492537313433,67,1,Regular Customers
Joy Smith,20793.0,258,-103.00052000000001,0.22174285714285716,4.4,70,0,High-Value Customers
Julia Barnett,17087.0,199,249.04518000000016,0.17782456140350875,4.368421052631579,57,1,Regular Customers
Julia Dunbar,11228.0,142,564.90306,0.14795833333333333,3.4791666666666665,48,1,Regular Customers
Julia West,20598.0,224,2950.0157,0.1137704918032787,4.032786885245901,61,0,High-Value Customers
Juliana Krohn,23136.0,287,1798.2473400000001,0.1567710843373494,4.698795180722891,83,0,High-Value Customers
Julie Creighton,14996.0,228,-1889.1059200000002,0.18431746031746032,4.0,63,1,Regular Customers
Julie Kriz,15648.0,216,1894.19924,0.11664615384615386,4.4,65,1,Regular Customers
Julie Prescott,14594.0,241,3479.0402,0.05671052631578948,3.6842105263157894,76,0,High-Value Customers
Justin Deggeller,23618.0,248,2625.31888,0.05932394366197183,4.23943661971831,71,0,High-Value Customers
Justin Ellison,12910.0,178,2928.30396,0.134,3.9622641509433962,53,1,Regular Customers
Justin Hirsh,23918.0,283,3994.6644,0.10938271604938271,3.5185185185185186,81,0,High-Value Customers
Justin MacKendrick,9027.0,170,1519.795,0.10456603773584905,3.7547169811320753,53,1,Regular Customers
Justin Ritter,13625.0,184,2884.286,0.11929824561403508,4.614035087719298,57,1,Regular Customers
Kalyca Meade,8643.0,172,369.5323,0.12255813953488372,4.5813953488372094,43,1,Regular Customers
Karen Bern,11846.0,174,2319.0706,0.09818181818181819,3.9272727272727272,55,1,Regular Customers
Karen Carlisle,10416.0,198,1979.5,0.23126984126984126,3.253968253968254,63,1,Regular Customers
Karen Daniels,24018.0,246,2890.6947000000005,0.133125,4.25,64,0,High-Value Customers
Karen Ferguson,18267.0,209,2385.1931,0.12048387096774194,3.7096774193548385,62,1,Regular Customers
Karen Seio,5325.0,147,1113.68218,0.07730232558139534,3.9767441860465116,43,1,Regular Customers
Karl Braun,17494.0,291,1785.86258,0.18098924731182797,4.043010752688172,93,0,High-Value Customers
Katharine Harms,18414.0,221,3611.0256,0.11381081081081082,3.891891891891892,74,0,High-Value Customers
Katherine Ducich,11696.0,141,2428.8306000000002,0.04666666666666667,3.8974358974358974,39,1,Regular Customers
Katherine Hughes,12210.0,225,1842.3875,0.10826666666666668,3.7066666666666666,75,1,Regular Customers
Katherine Murray,18522.0,254,1451.08384,0.14755555555555555,3.728395061728395,81,0,High-Value Customers
Katherine Nockton,19669.0,209,4145.19254,0.14223728813559322,4.5423728813559325,59,0,High-Value Customers
Katrina Bavinger,14027.0,247,618.2365,0.24529411764705883,3.661764705882353,68,1,Regular Customers
Katrina Edelman,13553.0,257,1286.54742,0.19662686567164178,3.253731343283582,67,1,Regular Customers
Katrina Willman,15747.0,193,3107.0106,0.1596551724137931,3.8448275862068964,58,1,Regular Customers
Kean Nguyen,18064.0,240,2257.2164,0.17712121212121212,4.166666666666667,66,0,High-Value Customers
Kean Takahito,17257.0,312,987.5934,0.19890243902439023,4.2682926829268295,82,0,High-Value Customers
Kean Thornton,8362.0,123,-617.9192,0.2091111111111111,4.311111111111111,45,1,Regular Customers
Keith Dawkins,26451.0,253,5486.1725,0.08602564102564103,3.9358974358974357,78,0,High-Value Customers
Keith Herrera,16890.0,281,2196.8332,0.07088607594936709,3.8860759493670884,79,0,High-Value Customers
Kelly Andreada,18876.0,301,1401.39752,0.09095348837209302,4.534883720930233,86,0,High-Value Customers
Kelly Collister,19401.0,196,2358.10316,0.14934545454545456,4.3090909090909095,55,1,Regular Customers
Kelly Lampkin,14248.0,279,738.7484,0.21651162790697676,3.953488372093023,86,0,High-Value Customers
Kelly Williams,11833.0,234,2371.1463,0.1396056338028169,4.126760563380282,71,1,Regular Customers
Ken Black,16602.0,266,1351.0226,0.1340909090909091,4.5,66,0,High-Value Customers
Ken Brennan,11465.0,178,1046.2450999999999,0.13428571428571429,3.7857142857142856,56,1,Regular Customers
Ken Dana,12553.0,224,1750.72552,0.18221428571428572,3.8035714285714284,56,1,Regular Customers
Ken Heidel,9021.0,204,1505.97316,0.16950877192982458,3.824561403508772,57,1,Regular Customers
Ken Lonsdale,24127.0,269,154.90049999999988,0.20353658536585367,4.121951219512195,82,0,High-Value Customers
Khloe Miller,10973.0,216,847.8977,0.16704918032786883,4.163934426229508,61,1,Regular Customers
Kimberly Carter,13923.0,212,2144.96274,0.09192452830188678,3.9056603773584904,53,1,Regular Customers
Kristen Hastings,19856.0,309,2370.5742,0.15022727272727274,4.1022727272727275,88,0,High-Value Customers
Kristina Nunn,10715.0,148,1698.5085000000001,0.13260869565217392,4.630434782608695,46,1,Regular Customers
Kunst Miller,16968.0,251,2759.1905,0.1391304347826087,4.898550724637682,69,0,High-Value Customers
Larry Blacks,14583.0,221,1664.49192,0.1391111111111111,3.2698412698412698,63,1,Regular Customers
Larry Hughes,8693.0,179,641.2019000000001,0.21603999999999998,3.7,50,1,Regular Customers
Larry Tron,18619.0,189,4213.65294,0.057178571428571426,3.5714285714285716,56,0,High-Value Customers
Laura Armstrong,27864.0,323,3962.3098,0.09604651162790698,4.0813953488372094,86,0,High-Value Customers
Laurel Beltran,26387.0,316,4303.23822,0.18765909090909091,3.8636363636363638,88,0,High-Value Customers
Laurel Elliston,11477.0,199,2025.0286,0.1178688524590164,3.9836065573770494,61,1,Regular Customers
Laurel Workman,10873.0,181,1148.80494,0.09765079365079365,4.2063492063492065,63,1,Regular Customers
Lauren Leatherbury,14939.0,220,894.9398600000001,0.08293939393939394,3.3181818181818183,66,1,Regular Customers
Lela Donovan,16181.0,260,1486.73868,0.17090140845070423,3.6901408450704225,71,0,High-Value Customers
Lena Cacioppo,11078.0,241,1176.76826,0.17124242424242422,4.075757575757576,66,1,Regular Customers
Lena Creighton,18889.0,248,1172.5113000000003,0.1552173913043478,3.739130434782609,69,0,High-Value Customers
Lena Hernandez,12941.0,229,997.38998,0.1708,4.054545454545455,55,1,Regular Customers
Lena Radford,22903.0,224,3371.71596,0.17464615384615384,3.3230769230769233,65,0,High-Value Customers
Linda Cazamias,16738.0,211,2273.42396,0.11644776119402984,3.3582089552238807,67,0,High-Value Customers
Linda Southworth,13145.0,201,-67.85193999999993,0.24387301587301585,4.126984126984127,63,1,Regular Customers
Lindsay Castell,14301.0,179,1420.7137,0.228,3.96,50,1,Regular Customers
Lindsay Shagiari,9366.0,192,1778.0724,0.16898305084745763,4.220338983050848,59,1,Regular Customers
Lindsay Williams,10982.0,179,1486.9264,0.16120689655172413,4.120689655172414,58,1,Regular Customers
Lisa DeCherney,11824.0,181,1165.43804,0.17072413793103447,4.068965517241379,58,1,Regular Customers
Lisa Hazard,9164.0,182,1338.0789000000002,0.15120930232558139,3.13953488372093,43,1,Regular Customers
Lisa Ryan,18799.0,243,2449.1383,0.10992307692307692,3.923076923076923,78,0,High-Value Customers
Liz Carlisle,20127.0,214,2847.60982,0.14300000000000002,4.275862068965517,58,0,High-Value Customers
Liz MacKendrick,15531.0,205,1868.1509999999998,0.07200000000000001,3.96,50,1,Regular Customers
Liz Pelletier,9465.0,197,-265.57719999999995,0.15833333333333335,3.7962962962962963,54,1,Regular Customers
Liz Preis,16611.0,239,2122.698,0.127943661971831,3.915492957746479,71,0,High-Value Customers
Liz Thompson,21217.0,288,3146.42816,0.14070270270270271,4.108108108108108,74,0,High-Value Customers
Liz Willingham,8045.0,126,1400.0412000000001,0.12560975609756098,4.2926829268292686,41,1,Regular Customers
Logan Currie,16082.0,257,1925.2869600000001,0.12822535211267608,4.71830985915493,71,0,High-Value Customers
Logan Haushalter,17288.0,233,1519.531,0.17333333333333334,3.5694444444444446,72,0,High-Value Customers
Lori Olson,13541.0,232,1788.7198,0.2106086956521739,3.927536231884058,69,1,Regular Customers
Luke Foster,13422.0,246,-3644.3475,0.23442622950819672,3.180327868852459,61,1,Regular Customers
Luke Schmidt,15599.0,208,1653.96822,0.164,3.793103448275862,58,1,Regular Customers
Luke Weiss,12051.0,193,849.3825400000001,0.13626415094339622,3.641509433962264,53,1,Regular Customers
Lycoris Saunders,11739.0,223,1377.4046799999999,0.2000506329113924,4.341772151898734,79,1,Regular Customers
Lynn Smith,11713.0,201,1498.1314,0.10740740740740741,3.3703703703703702,54,1,Regular Customers
Magdelene Morse,21226.0,225,4380.72512,0.07427272727272727,4.045454545454546,66,0,High-Value Customers
Marc Crier,15988.0,212,2113.4819,0.12730434782608696,3.101449275362319,69,0,High-Value Customers
Marc Harrigan,15401.0,255,2316.01286,0.0739375,4.03125,64,0,High-Value Customers
Maria Bertelson,21607.0,208,4622.34732,0.1257,3.65,60,0,High-Value Customers
Maria Etezadi,26252.0,296,3418.5585,0.13095238095238096,4.011904761904762,84,0,High-Value Customers
Maria Zettner,17960.0,179,2254.5034,0.11396226415094339,3.943396226415094,53,1,Regular Customers
Maribeth Dona,17829.0,252,1230.6333200000001,0.16622857142857142,4.171428571428572,70,0,High-Value Customers
Maribeth Schnelling,21681.0,280,3529.3421999999996,0.10911392405063293,4.291139240506329,79,0,High-Value Customers
Maribeth Yedwab,16472.0,207,3559.5073,0.2127142857142857,4.160714285714286,56,1,Regular Customers
Marina Lichtenstein,15555.0,205,1284.23268,0.08985964912280701,4.508771929824562,57,1,Regular Customers
Maris LaWare,15175.0,193,1154.1427999999999,0.175,3.8333333333333335,60,1,Regular Customers
Mark Cousins,16548.0,268,2851.25848,0.19767567567567568,4.162162162162162,74,0,High-Value Customers
Mark Haberlin,11304.0,216,1552.0084,0.06945205479452055,4.410958904109589,73,1,Regular Customers
Mark Hamilton,14724.0,203,527.0470200000001,0.142375,2.921875,64,1,Regular Customers
Mark Packer,12987.0,214,2172.9781,0.13315384615384615,4.211538461538462,52,1,Regular Customers
Mark Van Huff,11518.0,181,1810.6390999999999,0.14280701754385966,3.3157894736842106,57,1,Regular Customers
Mary O'Rourke,11126.0,187,519.0089,0.18164912280701753,3.491228070175439,57,1,Regular Customers
Mary Zewe,16577.0,269,1883.04214,0.17236363636363636,3.8181818181818183,77,0,High-Value Customers
MaryBeth Skach,14790.0,187,1987.37916,0.19434920634920635,3.888888888888889,63,1,Regular Customers
Mathew Reese,21575.0,267,3711.2306,0.04592105263157895,3.9210526315789473,76,0,High-Value Customers
Matt Abelman,12447.0,255,519.90348,0.19234146341463415,3.3780487804878048,82,0,High-Value Customers
Matt Collins,17897.0,277,1749.34736,0.16794666666666666,4.173333333333333,75,0,High-Value Customers
Matt Collister,11674.0,194,1907.18878,0.08916363636363636,3.8363636363636364,55,1,Regular Customers
Matt Connell,13230.0,198,1366.9685,0.1196896551724138,3.6551724137931036,58,1,Regular Customers
Matt Hagelstein,12217.0,174,274.89098,0.18126666666666666,3.966666666666667,60,1,Regular Customers
Matthew Clasen,21805.0,288,3643.2892,0.0685,4.25,80,0,High-Value Customers
Matthew Grinstein,13017.0,199,2205.32168,0.06768627450980393,3.784313725490196,51,1,Regular Customers
Maureen Fritzler,13529.0,199,1420.88584,0.1362857142857143,4.357142857142857,56,1,Regular Customers
Maureen Gastineau,20363.0,279,741.1927000000001,0.25144578313253013,3.9759036144578315,83,0,High-Value Customers
Maureen Gnade,18326.0,293,845.6976000000001,0.19418918918918918,4.0675675675675675,74,0,High-Value Customers
Maurice Satty,10031.0,194,1152.74306,0.1238032786885246,4.016393442622951,61,1,Regular Customers
Max Engle,9924.0,224,673.2612,0.13319444444444445,3.5694444444444446,72,1,Regular Customers
Max Jones,16486.0,193,2437.6299,0.2217666666666667,4.4,60,1,Regular Customers
Max Ludwig,15534.0,216,1837.7616,0.11285714285714286,4.333333333333333,63,1,Regular Customers
Maxwell Schwartz,17928.0,259,2851.78544,0.1244109589041096,4.178082191780822,73,0,High-Value Customers
Maya Herman,13592.0,220,1470.52944,0.08087096774193549,3.0483870967741935,62,1,Regular Customers
Meg O'Connel,18003.0,230,3104.0855,0.10379310344827586,4.0,58,0,High-Value Customers
Meg Tillman,15346.0,197,793.4146000000001,0.15135593220338983,3.6610169491525424,59,1,Regular Customers
Melanie Seite,16104.0,231,2060.2845,0.178,3.9857142857142858,70,0,High-Value Customers
Michael Chen,15939.0,185,1213.00542,0.13867692307692306,3.646153846153846,65,1,Regular Customers
Michael Dominguez,22427.0,250,3772.40044,0.11884745762711865,4.169491525423729,59,0,High-Value Customers
Michael Grace,14532.0,211,-117.61077999999989,0.16249180327868853,4.278688524590164,61,1,Regular Customers
Michael Granlund,13185.0,226,-999.7799,0.23365079365079366,4.174603174603175,63,1,Regular Customers
Michael Kennedy,14447.0,292,-210.64000000000004,0.2304054054054054,3.7567567567567566,74,0,High-Value Customers
Michael Moore,21730.0,271,2058.909,0.11474358974358975,4.1923076923076925,78,0,High-Value Customers
Michael Nguyen,15047.0,212,1392.17082,0.22858181818181816,3.9454545454545453,55,1,Regular Customers
Michael Oakman,5464.0,79,286.2586,0.13448275862068965,5.0,29,1,Regular Customers
Michael Paige,17796.0,314,1632.695,0.18648936170212768,4.138297872340425,94,0,High-Value Customers
Michael Stewart,17869.0,259,1247.3462000000002,0.1677922077922078,3.961038961038961,77,0,High-Value Customers
Michelle Arnett,11933.0,199,1102.67554,0.11952542372881356,3.6271186440677967,59,1,Regular Customers
Michelle Ellison,10708.0,148,655.2183200000001,0.10106122448979592,4.163265306122449,49,1,Regular Customers
Michelle Huthwaite,12851.0,191,861.1837,0.131,3.92,50,1,Regular Customers
Michelle Lonsdale,10367.0,149,1962.8392000000001,0.1174468085106383,4.170212765957447,47,1,Regular Customers
Michelle Moray,13089.0,210,1262.7827,0.16666666666666666,4.181818181818182,66,1,Regular Customers
Michelle Tran,17779.0,253,-1788.0442,0.2101470588235294,4.544117647058823,68,1,Regular Customers
Mick Brown,16451.0,226,2595.96358,0.16346478873239437,4.056338028169014,71,0,High-Value Customers
Mick Crebagga,12014.0,228,336.1498,0.1417741935483871,3.8870967741935485,62,1,Regular Customers
Mick Hernandez,13275.0,220,1488.1886,0.13516417910447762,4.074626865671642,67,1,Regular Customers
Mike Caudle,9355.0,214,796.6315,0.09543859649122807,4.385964912280702,57,1,Regular Customers
Mike Gockenbach,23378.0,185,6458.6762,0.19941176470588234,3.450980392156863,51,0,High-Value Customers
Mike Kennedy,12741.0,278,758.5966,0.1671951219512195,3.707317073170732,82,0,High-Value Customers
Mike Pelletier,24216.0,276,532.5997000000001,0.15036585365853658,3.9390243902439024,82,0,High-Value Customers
Mike Vittorini,19572.0,223,1360.0398,0.1298709677419355,3.9516129032258065,62,1,Regular Customers
Mitch Gastineau,18010.0,218,1822.4352999999999,0.11988235294117645,3.911764705882353,68,0,High-Value Customers
Mitch Webber,23070.0,273,4086.5403,0.16783783783783784,3.5675675675675675,74,0,High-Value Customers
Mitch Willingham,19008.0,217,145.51290000000014,0.17227272727272727,4.46969696969697,66,1,Regular Customers
Monica Federle,21944.0,295,2573.3404,0.10072093023255815,4.883720930232558,86,0,High-Value Customers
Muhammed Lee,15851.0,236,2314.36396,0.08442253521126761,3.4788732394366195,71,0,High-Value Customers
Muhammed MacIntyre,10720.0,187,2166.4666,0.1009090909090909,3.6545454545454548,55,1,Regular Customers
Muhammed Yedwab,29644.0,351,2642.6540800000002,0.15483333333333335,3.9166666666666665,108,0,High-Value Customers
Nancy Lomonaco,10840.0,162,-566.9291000000001,0.1686046511627907,3.0697674418604652,43,1,Regular Customers
Naresj Patel,13118.0,211,1804.326,0.11692307692307692,3.6307692307692307,65,1,Regular Customers
Nat Carroll,16613.0,246,-460.87737999999996,0.0915,4.197368421052632,76,0,High-Value Customers
Nat Gilpin,12015.0,186,2806.44286,0.07354545454545455,4.303030303030303,66,1,Regular Customers
Natalie DeCherney,13709.0,223,2620.28132,0.11038095238095239,3.8412698412698414,63,1,Regular Customers
Natalie Fritzler,31778.0,325,1542.8211000000001,0.1794736842105263,3.9894736842105263,95,0,High-Value Customers
Natalie Webber,22374.0,258,3821.53806,0.18612658227848103,3.949367088607595,79,0,High-Value Customers
Nathan Cano,10759.0,148,-724.9872,0.1920408163265306,4.428571428571429,49,1,Regular Customers
Nathan Gelder,22721.0,243,4211.22484,0.0872923076923077,3.8153846153846156,65,0,High-Value Customers
Nathan Mautz,24278.0,253,5789.1168,0.062000000000000006,4.173333333333333,75,0,High-Value Customers
Neil Ducich,14780.0,195,3168.85352,0.10091228070175438,3.9473684210526314,57,1,Regular Customers
Neil Französisch,12649.0,186,2920.0567,0.13712903225806453,4.112903225806452,62,1,Regular Customers
Neil Knudson,13875.0,222,3040.5326999999997,0.08733333333333335,4.587301587301587,63,1,Regular Customers
Neola Schneider,15801.0,292,-687.4442600000001,0.22469333333333333,3.973333333333333,75,0,High-Value Customers
Neoma Murray,13872.0,240,3142.6994999999997,0.14203703703703704,3.7037037037037037,54,1,Regular Customers
Nick Crebassa,12302.0,149,1335.378,0.193,3.78,50,1,Regular Customers
Nick Radford,12891.0,212,1669.96578,0.15620588235294117,4.0588235294117645,68,1,Regular Customers
Nick Zandusky,20271.0,235,2091.27572,0.097,3.4545454545454546,66,0,High-Value Customers
Nicole Brennan,5935.0,93,-691.4278,0.27909677419354845,3.5483870967741935,31,1,Regular Customers
Nicole Fjeld,12268.0,163,1371.54862,0.14306976744186048,4.232558139534884,43,1,Regular Customers
Nicole Hansen,21304.0,276,4075.4649,0.12861111111111112,3.875,72,0,High-Value Customers
Noah Childs,17346.0,212,2262.91458,0.08901694915254237,3.8983050847457625,59,1,Regular Customers
Noel Staavos,16643.0,318,818.7196,0.19619565217391305,3.869565217391304,92,0,High-Value Customers
Nona Balk,10082.0,162,1453.4044999999999,0.11607843137254902,3.6862745098039214,51,1,Regular Customers
Nora Paige,15714.0,164,3035.66246,0.052541666666666674,4.020833333333333,48,1,Regular Customers
Nora Pelletier,16358.0,244,1559.0269,0.11854545454545454,3.8484848484848486,66,0,High-Value Customers
Nora Preis,15921.0,247,375.5511999999999,0.2085483870967742,4.032258064516129,62,1,Regular Customers
Odella Nelson,19273.0,262,2783.30724,0.13502702702702704,3.8513513513513513,74,0,High-Value Customers
Olvera Toch,19759.0,262,1831.00136,0.14334246575342466,3.73972602739726,73,0,High-Value Customers
Pamela Coakley,11940.0,159,-420.10256,0.16379166666666667,3.5208333333333335,48,1,Regular Customers
Pamela Stobb,17635.0,252,1293.1114000000002,0.18212121212121213,3.621212121212121,66,0,High-Value Customers
Parhena Norris,12893.0,213,2205.4628199999997,0.08920689655172415,3.413793103448276,58,1,Regular Customers
Patricia Hirasaki,11182.0,135,2743.6261,0.11024390243902438,4.170731707317073,41,1,Regular Customers
Patrick Bzostek,14858.0,210,1743.07944,0.15164516129032257,4.258064516129032,62,1,Regular Customers
Patrick Gardner,16481.0,262,1975.1888999999999,0.12576923076923077,3.717948717948718,78,0,High-Value Customers
Patrick Jones,14442.0,155,4019.1325,0.2066666666666667,4.044444444444444,45,1,Regular Customers
Patrick O'Brill,26712.0,370,3778.3637,0.14137254901960783,3.9901960784313726,102,0,High-Value Customers
Patrick O'Donnell,24025.0,275,4618.1191,0.12184615384615384,4.17948717948718,78,0,High-Value Customers
Patrick Ryan,14330.0,283,409.1254200000001,0.2073888888888889,3.0833333333333335,72,0,High-Value Customers
Paul Gonzalez,15922.0,337,1620.1805,0.10023913043478261,3.782608695652174,92,0,High-Value Customers
Paul Knutson,8232.0,126,-308.48944000000006,0.22697435897435897,4.17948717948718,39,1,Regular Customers
Paul Lucas,15015.0,173,2006.5049,0.1274468085106383,4.638297872340425,47,1,Regular Customers
Paul MacIntyre,14346.0,148,1178.3952,0.1495,3.6666666666666665,48,1,Regular Customers
Paul Prost,22247.0,302,2687.733,0.12822784810126583,3.569620253164557,79,0,High-Value Customers
Paul Stevenson,19620.0,260,1834.19372,0.1051764705882353,3.2941176470588234,68,0,High-Value Customers
Paul Van Hugh,18932.0,243,4055.5694,0.11,3.523076923076923,65,0,High-Value Customers
Pauline Chand,10633.0,169,833.3308999999999,0.129375,3.5,48,1,Regular Customers
Pauline Johnson,15845.0,222,2102.4930600000002,0.24987692307692308,3.3384615384615386,65,1,Regular Customers
Pauline Webber,13888.0,242,1944.80136,0.16857971014492754,3.898550724637681,69,1,Regular Customers
Penelope Sewall,30083.0,282,4338.8111,0.09890243902439023,4.073170731707317,82,0,High-Value Customers
Pete Armstrong,10395.0,193,1555.35456,0.2145,3.5,56,1,Regular Customers
Pete Kriz,18657.0,251,1664.5781,0.1776986301369863,3.8219178082191783,73,0,High-Value Customers
Pete Takahito,13054.0,184,609.7002,0.157921568627451,3.764705882352941,51,1,Regular Customers
Peter Bühler,9897.0,161,1936.1847,0.16808510638297874,3.978723404255319,47,1,Regular Customers
Peter Fuller,29876.0,280,1063.2913599999997,0.1373793103448276,4.551724137931035,87,0,High-Value Customers
Peter McVee,11288.0,149,1018.6375999999999,0.09695652173913043,3.282608695652174,46,1,Regular Customers
Philip Brown,11386.0,240,1271.84916,0.1812105263157895,4.2631578947368425,76,1,Regular Customers
Philip Fox,18031.0,249,1908.8786,0.11701492537313432,3.925373134328358,67,0,High-Value Customers
Philisse Overcash,17984.0,231,2175.7896,0.13293150684931507,3.863013698630137,73,0,High-Value Customers
Phillina Ober,19099.0,259,-1026.1020199999998,0.22857971014492753,4.028985507246377,69,1,Regular Customers
Phillip Breyer,24269.0,319,1403.958,0.2342142857142857,4.190476190476191,84,0,High-Value Customers
Phillip Flathmann,13392.0,219,940.8555000000001,0.17338235294117646,3.7794117647058822,68,1,Regular Customers
Pierre Wener,8422.0,189,1942.2988,0.13721311475409834,3.3442622950819674,61,1,Regular Customers
Quincy Jones,18585.0,213,2243.1929,0.17679245283018868,4.735849056603773,53,1,Regular Customers
Rachel Payne,14998.0,242,1902.7221,0.17432432432432432,3.7837837837837838,74,0,High-Value Customers
Ralph Arnett,23044.0,263,2613.0752,0.16363636363636364,3.5795454545454546,88,0,High-Value Customers
Ralph Kennedy,13998.0,208,-1555.7894199999998,0.15559375,3.75,64,1,Regular Customers
Ralph Ritter,13584.0,143,2838.98338,0.09392592592592593,4.296296296296297,54,1,Regular Customers
Randy Bradley,22898.0,299,4151.35242,0.08679518072289158,3.9518072289156625,83,0,High-Value Customers
Randy Ferguson,16598.0,232,3093.9550000000004,0.09765079365079365,4.190476190476191,63,0,High-Value Customers
Raymond Buch,29601.0,262,8453.0495,0.0847887323943662,3.6056338028169015,71,0,High-Value Customers
Raymond Messe,18317.0,210,1855.40302,0.09006451612903227,3.3870967741935485,62,1,Regular Customers
Resi Pölking,22053.0,303,1068.3838,0.15879120879120878,3.7472527472527473,91,0,High-Value Customers
Ricardo Emerson,14039.0,181,2643.68018,0.086,3.864406779661017,59,1,Regular Customers
Ricardo Sperren,14432.0,208,1823.65088,0.12317647058823529,4.25,68,1,Regular Customers
Richard Bierner,14797.0,224,-1125.65658,0.21540298507462688,3.671641791044776,67,1,Regular Customers
Richard Eichhorn,16340.0,208,2391.41164,0.11853731343283583,3.5970149253731343,67,1,Regular Customers
Rick Bensley,20854.0,329,4066.46,0.07597468354430381,3.7341772151898733,79,0,High-Value Customers
Rick Duston,17546.0,236,3587.4449,0.04775757575757576,4.409090909090909,66,0,High-Value Customers
Rick Hansen,16356.0,230,1850.8903,0.15250000000000002,3.7857142857142856,56,1,Regular Customers
Rick Huthwaite,13438.0,182,1664.66446,0.17589655172413793,4.293103448275862,58,1,Regular Customers
Rick Reed,16382.0,264,-47.98279999999996,0.1943835616438356,2.958904109589041,73,0,High-Value Customers
Rick Wilson,25125.0,265,5177.4288,0.14705882352941177,4.3088235294117645,68,0,High-Value Customers
Ritsa Hightower,17695.0,213,2002.8037,0.16566666666666666,4.183333333333334,60,1,Regular Customers
Rob Beeghly,11549.0,241,1495.9239,0.19193548387096776,4.258064516129032,62,1,Regular Customers
Rob Dowd,21482.0,301,3919.9697,0.06644444444444444,4.144444444444445,90,0,High-Value Customers
Rob Haberlin,7970.0,144,1222.37166,0.1183404255319149,4.212765957446808,47,1,Regular Customers
Rob Lucas,17289.0,220,2703.98888,0.15926153846153845,3.6307692307692307,65,0,High-Value Customers
Rob Williams,9988.0,144,2252.2208,0.09104166666666667,4.25,48,1,Regular Customers
Robert Barroso,6256.0,143,640.1234,0.1728888888888889,4.6,45,1,Regular Customers
Robert Dilbeck,16344.0,187,3965.8731,0.13589285714285715,3.732142857142857,56,1,Regular Customers
Robert Marley,12868.0,162,2542.2423,0.0925531914893617,4.468085106382978,47,1,Regular Customers
Robert Waldorf,12596.0,214,2137.0023,0.11984375,3.90625,64,1,Regular Customers
Roger Barcio,15304.0,150,2879.5411,0.15574074074074074,3.7222222222222223,54,1,Regular Customers
Roger Demir,14738.0,269,3037.0109,0.11675324675324676,3.8051948051948052,77,0,High-Value Customers
Roland Fjeld,13090.0,210,1123.5285,0.08050847457627118,3.593220338983051,59,1,Regular Customers
Roland Murray,7403.0,118,1250.33376,0.17464864864864865,4.351351351351352,37,1,Regular Customers
Roland Schwarz,15108.0,175,3472.16638,0.07253061224489797,3.6530612244897958,49,1,Regular Customers
Rose O'Brian,21912.0,291,868.8818999999999,0.1339240506329114,3.4050632911392404,79,0,High-Value Customers
Ross Baird,19314.0,310,2350.5301400000003,0.11654545454545455,4.5064935064935066,77,0,High-Value Customers
Ross DeVincentis,10302.0,270,1939.89446,0.16862857142857143,3.7142857142857144,70,1,Regular Customers
Roy Collins,7956.0,172,737.7457,0.11355555555555556,3.8,45,1,Regular Customers
Roy Französisch,15652.0,272,2841.73178,0.11612820512820513,4.102564102564102,78,0,High-Value Customers
Roy Phan,14610.0,254,138.85420000000005,0.19430555555555556,4.402777777777778,72,1,Regular Customers
Roy Skaria,8121.0,209,1463.42858,0.12057142857142857,4.142857142857143,56,1,Regular Customers
Ruben Ausman,15939.0,240,3320.46868,0.06605333333333333,4.333333333333333,75,0,High-Value Customers
Ruben Dartt,18320.0,284,3330.6742,0.07209302325581396,3.941860465116279,86,0,High-Value Customers
Russell Applegate,21398.0,267,2164.19772,0.15910526315789475,4.355263157894737,76,0,High-Value Customers
Russell D'Ascenzo,15819.0,231,1230.36572,0.14371830985915493,3.619718309859155,71,0,High-Value Customers
Ryan Akin,13742.0,172,896.7278,0.13745454545454547,3.5090909090909093,55,1,Regular Customers
Ryan Crowe,9539.0,161,2124.0154,0.09480000000000001,3.88,50,1,Regular Customers
Sally Hughsby,18951.0,293,1795.36144,0.1534025974025974,4.922077922077922,77,0,High-Value Customers
Sally Knutson,13292.0,231,2975.51382,0.10216129032258064,3.3870967741935485,62,1,Regular Customers
Sally Matthias,13063.0,170,1528.3608,0.12222222222222222,3.962962962962963,54,1,Regular Customers
Sam Craven,11056.0,245,1116.0096,0.13884057971014493,3.7246376811594204,69,1,Regular Customers
Sam Zeldin,16361.0,262,2915.8473,0.1695064935064935,3.7012987012987013,77,0,High-Value Customers
Sample Company A,19129.0,309,18.425320000000013,0.1795111111111111,4.844444444444444,90,0,High-Value Customers
Sandra Flanagan,11259.0,180,1865.6513,0.0784313725490196,4.666666666666667,51,1,Regular Customers
Sandra Glassco,11853.0,148,2883.7084,0.07184,3.56,50,1,Regular Customers
Sanjit Chand,26524.0,244,8205.3799,0.1498550724637681,4.536231884057971,69,0,High-Value Customers
Sanjit Engle,30143.0,299,6015.78392,0.06224390243902439,4.390243902439025,82,0,High-Value Customers
Sanjit Jacobs,13521.0,268,1828.0039,0.17468354430379748,3.7974683544303796,79,0,High-Value Customers
Saphhira Shifley,23632.0,326,-612.3282600000003,0.13745238095238094,4.321428571428571,84,0,High-Value Customers
Sara Luxemburg,16827.0,250,1899.9305000000002,0.11280487804878049,3.8292682926829267,82,0,High-Value Customers
Sarah Bern,14603.0,158,2366.9597999999996,0.16920000000000002,3.54,50,1,Regular Customers
Sarah Brown,22300.0,262,1668.65412,0.14149295774647885,4.070422535211268,71,0,High-Value Customers
Sarah Foster,15659.0,256,829.7639999999999,0.1358904109589041,4.095890410958904,73,0,High-Value Customers
Sarah Jordon,16070.0,290,2511.86098,0.1661012658227848,3.721518987341772,79,0,High-Value Customers
Scot Coram,22129.0,259,3071.368,0.1125,4.328125,64,0,High-Value Customers
Scot Wooten,15479.0,209,1948.35962,0.13967857142857143,3.9285714285714284,56,1,Regular Customers
Scott Cohen,12537.0,242,1222.6707999999999,0.22675675675675677,4.256756756756757,74,1,Regular Customers
Scott Williamson,17044.0,255,1044.1871999999998,0.19297058823529412,4.044117647058823,68,0,High-Value Customers
Sean Braxton,20514.0,208,-1896.9793,0.2309433962264151,3.7358490566037736,53,1,Regular Customers
Sean Christensen,20907.0,257,462.27869999999996,0.2330263157894737,4.302631578947368,76,0,High-Value Customers
Sean Miller,35170.0,169,-409.70634000000007,0.19024000000000002,4.44,50,1,Regular Customers
Sean O'Donnell,16366.0,204,2407.04362,0.08856666666666667,4.316666666666666,60,1,Regular Customers
Sean Wendt,8168.0,149,1031.54774,0.22808695652173916,4.413043478260869,46,1,Regular Customers
Seth Vernon,23640.0,317,2222.7536800000003,0.15696470588235295,4.364705882352941,85,0,High-Value Customers
Shahid Collister,17678.0,330,1692.37974,0.1495764705882353,4.105882352941176,85,0,High-Value Customers
Shahid Hopkins,12979.0,223,1059.23294,0.17826470588235294,3.5588235294117645,68,1,Regular Customers
Shahid Shariari,18107.0,224,131.5111800000001,0.1177910447761194,3.746268656716418,67,1,Regular Customers
Sharelle Roach,13005.0,206,-2551.18846,0.226,5.0576923076923075,52,1,Regular Customers
Shaun Chance,9610.0,185,357.01936,0.25432142857142853,3.8214285714285716,56,1,Regular Customers
Shaun Weien,8247.0,113,1163.569,0.08119047619047619,4.238095238095238,42,1,Regular Customers
Sheri Gordon,13818.0,210,2338.9888,0.09779661016949152,3.9491525423728815,59,1,Regular Customers
Shirley Daniels,17959.0,303,3647.2210999999998,0.1690588235294118,3.364705882352941,85,0,High-Value Customers
Shirley Jackson,13385.0,215,1581.8093,0.11923076923076924,3.769230769230769,52,1,Regular Customers
Shirley Schmidt,7903.0,150,416.34612,0.12561111111111112,4.361111111111111,36,1,Regular Customers
Shui Tom,15006.0,207,2234.10296,0.10024615384615385,3.523076923076923,65,1,Regular Customers
Sibella Parks,7221.0,144,749.227,0.1627777777777778,4.388888888888889,36,1,Regular Customers
Skye Norling,14225.0,232,-2637.9805,0.2,3.8507462686567164,67,1,Regular Customers
Sonia Cooley,10012.0,214,938.0015999999999,0.12175438596491227,4.175438596491228,57,1,Regular Customers
Sonia Sunley,13118.0,213,2370.1265,0.12327868852459016,3.7540983606557377,61,1,Regular Customers
Speros Goranitis,12948.0,224,1541.10256,0.1941212121212121,4.46969696969697,66,1,Regular Customers
Stefania Perrino,19418.0,285,17.04149999999992,0.16717948717948716,3.8846153846153846,78,0,High-Value Customers
Stefanie Holloman,14205.0,202,1978.1796000000002,0.1409090909090909,4.3090909090909095,55,1,Regular Customers
Stephanie Phelps,11151.0,170,1682.80564,0.2207391304347826,4.304347826086956,46,1,Regular Customers
Stephanie Ulpright,10779.0,235,510.2519,0.19722222222222222,4.111111111111111,72,1,Regular Customers
Steve Carroll,19823.0,258,1708.7930800000001,0.10861971830985916,4.352112676056338,71,0,High-Value Customers
Steve Chapman,23401.0,293,2165.6836,0.2124864864864865,3.108108108108108,74,0,High-Value Customers
Steve Nguyen,13404.0,233,2384.85126,0.12331147540983607,4.049180327868853,61,1,Regular Customers
Steven Cartwright,16918.0,324,2066.03938,0.15345205479452054,4.109589041095891,73,0,High-Value Customers
Steven Roelle,19374.0,218,4387.3584,0.0784923076923077,4.430769230769231,65,0,High-Value Customers
Steven Ward,25669.0,383,2794.7316,0.09754716981132075,4.084905660377358,106,0,High-Value Customers
Stewart Carmichael,16529.0,308,318.0876800000001,0.1803855421686747,3.397590361445783,83,0,High-Value Customers
Stewart Visinsky,17232.0,274,2182.7873,0.13653333333333334,3.96,75,0,High-Value Customers
Stuart Calhoun,11409.0,168,1276.3538,0.18404444444444445,4.4,45,1,Regular Customers
Stuart Van,22308.0,227,978.6733800000001,0.13296774193548386,3.7096774193548385,62,0,High-Value Customers
Sue Ann Reed,16494.0,227,1354.7027600000001,0.15940625,4.109375,64,1,Regular Customers
Sung Chung,11265.0,184,1696.6987199999999,0.19134782608695652,4.195652173913044,46,1,Regular Customers
Sung Pak,13496.0,168,1750.68106,0.2058076923076923,4.173076923076923,52,1,Regular Customers
Sung Shariari,5331.0,150,-559.9772,0.24590697674418605,4.744186046511628,43,1,Regular Customers
Susan Gilcrest,12686.0,192,541.3085599999999,0.18713793103448279,3.8275862068965516,58,1,Regular Customers
Susan MacKendrick,8634.0,133,1528.2749000000001,0.07609756097560975,3.5853658536585367,41,1,Regular Customers
Susan Pistek,29020.0,235,6484.40726,0.13826470588235296,3.9558823529411766,68,0,High-Value Customers
Susan Vittorini,15689.0,229,668.4789000000001,0.23495522388059703,4.1940298507462686,67,1,Regular Customers
Suzanne McNair,12888.0,212,1170.85834,0.11209375,4.203125,64,1,Regular Customers
Sylvia Foulston,9257.0,154,1895.183,0.14404255319148934,4.0212765957446805,47,1,Regular Customers
Tamara Chand,37453.0,271,8672.8989,0.18468181818181817,3.5454545454545454,88,0,High-Value Customers
Tamara Dahlen,7704.0,184,-948.1228,0.21655172413793106,3.2758620689655173,58,1,Regular Customers
Tamara Manning,14461.0,200,1928.1339,0.09981818181818182,4.181818181818182,55,1,Regular Customers
Tamara Willingham,14256.0,194,3275.0801,0.13288135593220338,3.847457627118644,59,1,Regular Customers
Tanja Norvell,9595.0,179,-706.1821600000001,0.17649056603773586,4.547169811320755,53,1,Regular Customers
Ted Butterfield,16030.0,326,1559.26902,0.08952631578947369,4.368421052631579,76,0,High-Value Customers
Ted Trevino,17245.0,229,2320.3586,0.12515625,4.109375,64,0,High-Value Customers
Thais Sissman,6787.0,188,1109.5608,0.09016666666666667,4.066666666666666,60,1,Regular Customers
Thea Hendricks,15541.0,193,1952.4961,0.12898305084745762,4.067796610169491,59,1,Regular Customers
Thea Hudgings,15353.0,222,2265.68778,0.09690625,4.046875,64,1,Regular Customers
Theone Pippenger,23965.0,304,2073.88638,0.16425,4.079545454545454,88,0,High-Value Customers
Theresa Coyne,22219.0,332,3359.81226,0.13742857142857143,3.8452380952380953,84,0,High-Value Customers
Theresa Swint,7936.0,195,1134.0224,0.10873015873015872,4.301587301587301,63,1,Regular Customers
Thomas Boland,17427.0,256,2286.4019,0.11478260869565217,3.579710144927536,69,0,High-Value Customers
Thomas Brumley,11805.0,147,2052.3113200000003,0.12663157894736843,4.2368421052631575,38,1,Regular Customers
Thomas Seio,14530.0,218,2349.54862,0.09370588235294118,3.9705882352941178,68,1,Regular Customers
Thomas Thornton,15055.0,234,1661.20726,0.17876190476190476,3.7301587301587302,63,1,Regular Customers
Tiffany House,16804.0,196,1656.2869999999998,0.1828358208955224,3.5671641791044775,67,1,Regular Customers
Tim Brockman,19103.0,305,3065.7062,0.17337078651685392,4.134831460674158,89,0,High-Value Customers
Tim Taslimi,9780.0,150,1284.8362,0.12272727272727273,3.7818181818181817,55,1,Regular Customers
Toby Braunhardt,11699.0,212,1247.46136,0.12740298507462686,4.253731343283582,67,1,Regular Customers
Toby Carlisle,20126.0,238,1497.4768000000001,0.11686567164179104,3.701492537313433,67,0,High-Value Customers
Toby Gnade,13021.0,221,2986.457,0.11682539682539683,3.7301587301587302,63,1,Regular Customers
Toby Ritter,12427.0,205,2436.90546,0.05806153846153846,3.9076923076923076,65,1,Regular Customers
Toby Swindell,18632.0,249,2602.96458,0.14823684210526317,3.9210526315789473,76,0,High-Value Customers
Todd Boyes,9647.0,234,772.014,0.20746268656716418,3.8358208955223883,67,1,Regular Customers
Todd Sumrall,27775.0,228,5093.9654,0.10605333333333333,3.96,75,0,High-Value Customers
Tom Ashbrook,40489.0,284,6311.9791,0.090125,4.1,80,0,High-Value Customers
Tom Boeckenhauer,24480.0,283,4196.3499,0.15376344086021507,4.32258064516129,93,0,High-Value Customers
Tom Prescott,12874.0,175,346.1872200000001,0.18864,3.76,50,1,Regular Customers
Tom Stivers,15345.0,240,2364.9883,0.11681159420289856,4.202898550724638,69,0,High-Value Customers
Tom Zandusky,15348.0,222,367.4914000000001,0.14254794520547945,4.602739726027397,73,1,Regular Customers
Tonja Turnell,20085.0,283,2230.7893599999998,0.14554761904761904,4.309523809523809,84,0,High-Value Customers
Tony Chapman,12633.0,227,1401.12856,0.1675223880597015,4.208955223880597,67,1,Regular Customers
Tony Molinari,15973.0,232,1500.9713,0.11427499999999999,3.8625,80,0,High-Value Customers
Tony Sayre,19734.0,219,2149.3462,0.21427272727272725,3.8333333333333335,66,0,High-Value Customers
Tracy Blumstein,20704.0,314,257.36161999999985,0.1951868131868132,3.978021978021978,91,0,High-Value Customers
Tracy Collins,11099.0,192,382.99710000000005,0.17981818181818182,2.9272727272727272,55,1,Regular Customers
Tracy Hopkins,13095.0,189,-733.7475000000003,0.16636363636363638,3.1454545454545455,55,1,Regular Customers
Tracy Poddar,13289.0,253,1795.66,0.1264705882352941,3.7794117647058822,68,0,High-Value Customers
Tracy Zic,10860.0,163,-80.11549999999995,0.22229166666666667,4.25,48,1,Regular Customers
Troy Blackwell,9187.0,163,1438.6508999999999,0.09130434782608696,3.739130434782609,46,1,Regular Customers
Troy Staebel,22579.0,313,1719.5679,0.1374698795180723,3.9759036144578315,83,0,High-Value Customers
Trudy Brown,15078.0,230,1500.6631,0.16492753623188405,3.927536231884058,69,1,Regular Customers
Trudy Glocke,18883.0,288,3096.2398,0.14362666666666668,3.6133333333333333,75,0,High-Value Customers
Trudy Schmidt,9980.0,182,1025.6195,0.12517857142857142,4.089285714285714,56,1,Regular Customers
Valerie Dominguez,15987.0,235,2031.9158,0.19985074626865673,4.402985074626866,67,1,Regular Customers
Valerie Mitchum,14567.0,219,-1645.79878,0.15179411764705883,3.7058823529411766,68,1,Regular Customers
Valerie Takahito,19368.0,260,1090.7832,0.18569444444444444,4.083333333333333,72,0,High-Value Customers
Vicky Freymann,12600.0,179,26.11299999999992,0.1326530612244898,4.081632653061225,49,1,Regular Customers
Victor Preis,12063.0,199,2232.7958,0.1676206896551724,4.310344827586207,58,1,Regular Customers
Victoria Brennan,10745.0,184,908.5638,0.17715555555555557,3.888888888888889,45,1,Regular Customers
Victoria Pisteka,18554.0,226,2390.8627,0.12266666666666667,4.1,60,0,High-Value Customers
Victoria Wilson,17039.0,249,294.38090000000005,0.18515151515151515,4.636363636363637,66,1,Regular Customers
Vivek Gonzalez,10296.0,167,-364.4246999999999,0.155,4.06,50,1,Regular Customers
Vivek Grady,23767.0,209,4046.90616,0.0861311475409836,3.6885245901639343,61,0,High-Value Customers
Vivek Sundaresam,11413.0,143,1586.6187,0.16499999999999998,3.75,40,1,Regular Customers
Vivian Mathis,3891.0,120,656.9143,0.06583333333333334,3.75,36,1,Regular Customers
William Brown,16886.0,298,2547.9023,0.14695238095238095,3.6904761904761907,84,0,High-Value Customers
Xylona Preis,12202.0,213,1304.7226,0.08475409836065574,4.459016393442623,61,1,Regular Customers
Yana Sorensen,20034.0,215,3450.4063,0.07096774193548387,4.67741935483871,62,0,High-Value Customers
Yoseph Carroll,20165.0,203,4347.1766,0.06999999999999999,3.9642857142857144,56,0,High-Value Customers
Zuschuss Carroll,28485.0,334,436.93626,0.22131764705882354,4.329411764705882,85,0,High-Value Customers
Zuschuss Donatelli,12434.0,174,201.73710000000005,0.11577777777777777,3.7777777777777777,54,1,Regular Customers
