date,predicted_customers
2015-01-01,36.86
2015-01-02,36.86
2015-01-03,36.86
2015-01-04,36.86
2015-01-05,36.86
2015-01-06,36.86
2015-01-07,36.86
2015-01-08,36.86
2015-01-09,36.86
2015-01-10,36.86
2015-01-11,36.86
2015-01-12,36.86
2015-01-13,36.86
2015-01-14,36.86
2015-01-15,36.86
2015-01-16,36.86
2015-01-17,36.86
2015-01-18,36.86
2015-01-19,36.86
2015-01-20,36.86
2015-01-21,36.86
2015-01-22,36.86
2015-01-23,36.86
2015-01-24,36.86
2015-01-25,36.86
2015-01-26,36.86
2015-01-27,36.86
2015-01-28,36.86
2015-01-29,36.86
2015-01-30,36.86
