customer_name,total_revenue,total_profit,number_of_orders,first_purchase,last_purchase,customer_type,value_group,customer_clv
Aaron Bergman,24646.0,4683.208,37,2011-02-19,2014-12-15,Repeat Customer,High-Value Customer,24646.0
Aaron Hawkins,20759.0,2450.92904,34,2011-04-22,2014-12-19,Repeat Customer,High-Value Customer,20759.0
Aaron Smayling,14207.0,369.1618,31,2011-03-21,2014-12-08,Repeat Customer,Regular-Value Customer,14207.0
Adam Bellavance,20189.0,4979.9769,41,2011-01-07,2014-11-26,Repeat Customer,High-Value Customer,20189.0
Adam Hart,21720.0,1902.03342,42,2011-06-10,2014-12-29,Repeat Customer,High-Value Customer,21720.0
Adam Shillingsburg,15445.0,1421.27412,36,2011-04-06,2014-12-16,Repeat Customer,High-Value Customer,15445.0
Adrian Barton,25125.0,6417.2845,40,2011-05-18,2014-12-04,Repeat Customer,High-Value Customer,25125.0
Adrian Hane,11406.0,2081.37928,26,2011-07-18,2014-12-10,Repeat Customer,Regular-Value Customer,11406.0
Adrian Shami,11287.0,1564.4938,24,2011-11-17,2014-11-20,Repeat Customer,Regular-Value Customer,11287.0
Aimee Bixby,16205.0,2926.3543,28,2011-01-25,2014-11-26,Repeat Customer,High-Value Customer,16205.0
Alan Barnes,13053.0,2436.066,35,2011-02-18,2014-12-18,Repeat Customer,Regular-Value Customer,13053.0
Alan Dominguez,18538.0,1539.9922000000001,30,2011-08-16,2014-12-26,Repeat Customer,High-Value Customer,18538.0
Alan Haines,15281.0,-592.24612,34,2011-01-17,2014-11-12,Repeat Customer,High-Value Customer,15281.0
Alan Hwang,23641.0,4342.37078,38,2011-08-13,2014-12-25,Repeat Customer,High-Value Customer,23641.0
Alan Schoenberger,21837.0,2503.6348,35,2011-05-18,2014-12-29,Repeat Customer,High-Value Customer,21837.0
Alan Shonely,10692.0,1175.45416,36,2011-01-26,2014-12-19,Repeat Customer,Regular-Value Customer,10692.0
Alejandro Ballentine,15463.0,758.6139,39,2011-01-20,2014-12-26,Repeat Customer,High-Value Customer,15463.0
Alejandro Grove,13419.0,2602.57212,33,2011-01-09,2014-12-18,Repeat Customer,Regular-Value Customer,13419.0
Alejandro Savely,21124.0,2533.56606,43,2011-03-21,2014-12-13,Repeat Customer,High-Value Customer,21124.0
Aleksandra Gannaway,14715.0,773.1465999999999,30,2011-01-19,2014-12-29,Repeat Customer,Regular-Value Customer,14715.0
Alex Avila,15993.0,983.2565,26,2011-03-31,2014-12-29,Repeat Customer,High-Value Customer,15993.0
Alex Grayson,15071.0,1006.97208,36,2011-07-20,2014-12-29,Repeat Customer,Regular-Value Customer,15071.0
Alex Russell,16469.0,2290.6598,35,2011-03-30,2014-12-02,Repeat Customer,High-Value Customer,16469.0
Alice McCarthy,18765.0,2977.8523999999998,39,2011-02-21,2014-12-16,Repeat Customer,High-Value Customer,18765.0
Allen Armold,6537.0,754.9193999999999,31,2011-04-21,2014-12-25,Repeat Customer,Regular-Value Customer,6537.0
Allen Goldenen,8928.0,447.265,23,2011-04-19,2014-09-10,Repeat Customer,Regular-Value Customer,8928.0
Allen Rosenblatt,9529.0,-552.28182,28,2011-01-26,2014-11-07,Repeat Customer,Regular-Value Customer,9529.0
Alyssa Crouse,12296.0,444.03550000000007,33,2011-01-07,2014-12-25,Repeat Customer,Regular-Value Customer,12296.0
Alyssa Tate,14945.0,2795.5313,36,2011-06-02,2014-12-19,Repeat Customer,Regular-Value Customer,14945.0
Amy Cox,17155.0,3980.4112,26,2011-08-08,2014-12-26,Repeat Customer,High-Value Customer,17155.0
Amy Hunt,9202.0,718.3349800000001,24,2011-04-06,2014-10-22,Repeat Customer,Regular-Value Customer,9202.0
Andrew Allen,19758.0,2071.08818,25,2011-05-04,2014-08-28,Repeat Customer,High-Value Customer,19758.0
Andrew Gjertsen,16381.0,2642.21386,40,2011-02-22,2014-11-13,Repeat Customer,High-Value Customer,16381.0
Andrew Roberts,16914.0,3561.75886,39,2011-02-21,2014-12-17,Repeat Customer,High-Value Customer,16914.0
Andy Gerbode,11339.0,169.3896999999999,27,2011-06-23,2014-12-19,Repeat Customer,Regular-Value Customer,11339.0
Andy Reiter,8545.0,3139.0833,23,2011-04-28,2014-12-25,Repeat Customer,Regular-Value Customer,8545.0
Andy Yotov,8542.0,2290.97634,27,2011-04-06,2014-12-17,Repeat Customer,Regular-Value Customer,8542.0
Anemone Ratner,11492.0,1994.65032,27,2011-04-21,2014-12-29,Repeat Customer,Regular-Value Customer,11492.0
Angele Hood,11357.0,1610.0721,31,2011-06-08,2014-12-10,Repeat Customer,Regular-Value Customer,11357.0
Ann Blume,18727.0,1870.0106999999998,27,2011-01-19,2014-12-24,Repeat Customer,High-Value Customer,18727.0
Ann Chong,15027.0,880.12778,36,2011-04-30,2014-12-25,Repeat Customer,Regular-Value Customer,15027.0
Ann Steele,11818.0,2091.0534,30,2011-02-04,2014-11-28,Repeat Customer,Regular-Value Customer,11818.0
Anna Andreadi,17312.0,2443.093,47,2011-01-26,2014-12-03,Repeat Customer,High-Value Customer,17312.0
Anna Chung,8932.0,-272.12732000000005,25,2011-06-06,2014-12-29,Repeat Customer,Regular-Value Customer,8932.0
Anna Gayman,15392.0,923.0617000000001,31,2011-03-09,2014-11-14,Repeat Customer,High-Value Customer,15392.0
Anna Häberlin,18093.0,2466.01172,36,2011-02-11,2014-12-01,Repeat Customer,High-Value Customer,18093.0
Anne McFarland,25522.0,3238.5851,36,2011-05-03,2014-12-06,Repeat Customer,High-Value Customer,25522.0
Anne Pryor,16360.0,2992.7651,26,2011-03-03,2014-11-24,Repeat Customer,High-Value Customer,16360.000000000002
Annie Thurman,13385.0,2659.7779,34,2011-01-01,2014-12-29,Repeat Customer,Regular-Value Customer,13385.0
Annie Zypern,11871.0,924.3602999999999,28,2011-03-17,2014-12-05,Repeat Customer,Regular-Value Customer,11871.0
Anthony Garverick,11687.0,175.3065,35,2011-01-12,2014-12-03,Repeat Customer,Regular-Value Customer,11687.0
Anthony Jacobs,17757.0,1172.2402000000002,37,2011-01-11,2014-12-30,Repeat Customer,High-Value Customer,17757.0
Anthony Johnson,12284.0,2478.5824000000002,32,2011-05-03,2014-11-25,Repeat Customer,Regular-Value Customer,12284.0
Anthony O'Donnell,15025.0,1093.0996000000002,32,2011-08-30,2014-12-24,Repeat Customer,Regular-Value Customer,15025.0
Anthony Rawles,17339.0,3117.6468,45,2011-04-26,2014-12-09,Repeat Customer,High-Value Customer,17339.0
Anthony Witt,15143.0,1216.4120200000002,32,2011-02-05,2014-12-15,Repeat Customer,Regular-Value Customer,15143.0
Arianne Irving,9281.0,1538.1774,26,2011-04-28,2014-12-18,Repeat Customer,Regular-Value Customer,9281.0
Art Ferguson,28183.0,2278.3037,45,2011-03-30,2014-12-26,Repeat Customer,High-Value Customer,28183.0
Art Foster,20064.0,2971.2347800000002,37,2011-03-28,2014-11-08,Repeat Customer,High-Value Customer,20064.0
Arthur Gainer,19871.0,1733.2471600000001,33,2011-01-30,2014-12-08,Repeat Customer,High-Value Customer,19871.0
Arthur Prichep,18546.0,3137.6156,37,2011-01-04,2014-10-16,Repeat Customer,High-Value Customer,18546.0
Arthur Wiediger,11016.0,2680.9669599999997,28,2011-01-04,2014-11-26,Repeat Customer,Regular-Value Customer,11016.0
Ashley Jarboe,15949.0,3006.7032,36,2011-03-03,2014-12-03,Repeat Customer,High-Value Customer,15949.0
Astrea Jones,13259.0,2531.3579799999998,27,2011-03-03,2014-11-13,Repeat Customer,Regular-Value Customer,13259.0
Barbara Fisher,9838.0,1833.7316,30,2011-07-14,2014-12-09,Repeat Customer,Regular-Value Customer,9838.0
Barry Blumstein,9883.0,299.4246,37,2011-04-05,2014-12-17,Repeat Customer,Regular-Value Customer,9883.0
Barry Franz,24082.0,1115.67056,27,2011-04-25,2014-12-23,Repeat Customer,High-Value Customer,24082.0
Barry Französisch,13206.0,940.1213,31,2011-02-16,2014-12-16,Repeat Customer,Regular-Value Customer,13206.0
Barry Gonzalez,20023.0,1530.1779999999999,34,2011-09-27,2014-12-03,Repeat Customer,High-Value Customer,20023.0
Barry Pond,10389.0,2090.96176,30,2011-03-05,2014-12-26,Repeat Customer,Regular-Value Customer,10389.0
Barry Weirich,17440.0,3695.4033000000004,23,2011-01-27,2014-12-09,Repeat Customer,High-Value Customer,17440.0
Bart Folk,13942.0,2084.5089000000003,27,2011-03-30,2014-12-06,Repeat Customer,Regular-Value Customer,13941.999999999998
Bart Pistole,10087.0,984.2587,38,2011-01-14,2014-12-29,Repeat Customer,Regular-Value Customer,10087.000000000002
Bart Watters,32315.0,3595.8858999999998,45,2011-02-16,2014-11-07,Repeat Customer,High-Value Customer,32315.0
Becky Castell,15186.0,2485.9604,34,2011-03-10,2014-12-02,Repeat Customer,Regular-Value Customer,15186.0
Becky Martin,27173.0,-1096.9254,35,2011-06-02,2014-12-23,Repeat Customer,High-Value Customer,27173.0
Becky Pak,14811.0,3576.20716,30,2011-06-08,2014-11-29,Repeat Customer,Regular-Value Customer,14811.0
Ben Ferrer,23219.0,4135.10114,37,2011-04-13,2014-12-15,Repeat Customer,High-Value Customer,23219.0
Ben Peterman,16809.0,1343.95582,38,2011-09-23,2014-12-30,Repeat Customer,High-Value Customer,16809.0
Ben Wallace,14965.0,2352.20638,33,2011-01-13,2014-11-21,Repeat Customer,Regular-Value Customer,14965.0
Benjamin Farhat,13370.0,641.3188,32,2011-02-16,2014-12-05,Repeat Customer,Regular-Value Customer,13370.0
Benjamin Patterson,18714.0,912.2121000000001,31,2011-04-01,2014-11-22,Repeat Customer,High-Value Customer,18714.0
Benjamin Venier,21366.0,2819.7504,25,2011-06-02,2014-11-17,Repeat Customer,High-Value Customer,21366.0
Berenike Kampe,13586.0,2447.6789599999997,33,2011-04-11,2014-12-05,Repeat Customer,Regular-Value Customer,13586.0
Beth Fritzler,10588.0,661.45284,30,2011-03-22,2014-12-25,Repeat Customer,Regular-Value Customer,10588.0
Beth Paige,12827.0,1958.09908,33,2011-01-18,2014-12-19,Repeat Customer,Regular-Value Customer,12827.0
Beth Thompson,11631.0,863.9258,34,2011-01-04,2014-12-03,Repeat Customer,Regular-Value Customer,11631.0
Bill Donatelli,15276.0,1622.6797,38,2011-04-22,2014-12-26,Repeat Customer,High-Value Customer,15276.0
Bill Eplett,28480.0,7410.0053,42,2011-04-13,2014-11-26,Repeat Customer,High-Value Customer,28480.0
Bill Overfelt,8093.0,415.21970000000005,26,2011-10-13,2014-12-10,Repeat Customer,Regular-Value Customer,8093.0
Bill Shonely,23511.0,5968.90736,31,2011-05-04,2014-12-31,Repeat Customer,High-Value Customer,23511.0
Bill Stewart,18776.0,1815.0301,28,2011-02-26,2014-12-03,Repeat Customer,High-Value Customer,18776.0
Bill Tyler,11798.0,2544.9303,28,2011-03-10,2014-12-03,Repeat Customer,Regular-Value Customer,11798.0
Bobby Elias,18411.0,3789.15606,37,2011-04-08,2014-12-10,Repeat Customer,High-Value Customer,18411.0
Bobby Odegard,15029.0,2556.82472,29,2011-02-26,2014-12-30,Repeat Customer,Regular-Value Customer,15029.000000000002
Bobby Trafton,10400.0,-469.7911000000001,31,2011-04-04,2014-11-10,Repeat Customer,Regular-Value Customer,10400.0
Brad Eason,18986.0,978.0241,29,2011-03-04,2014-12-28,Repeat Customer,High-Value Customer,18986.0
Brad Norvell,26200.0,2124.05298,36,2011-09-12,2014-12-20,Repeat Customer,High-Value Customer,26200.0
Brad Thomas,11683.0,939.62794,38,2011-01-25,2014-12-01,Repeat Customer,Regular-Value Customer,11683.000000000002
Bradley Drucker,13142.0,2381.066,30,2011-01-04,2014-12-12,Repeat Customer,Regular-Value Customer,13142.0
Bradley Nguyen,12878.0,2544.06892,31,2011-03-17,2014-12-22,Repeat Customer,Regular-Value Customer,12878.0
Bradley Talbott,15343.0,1453.6353,32,2011-01-26,2014-11-28,Repeat Customer,High-Value Customer,15343.0
Brenda Bowman,16007.0,1738.84688,31,2011-10-13,2014-12-03,Repeat Customer,High-Value Customer,16007.0
Brendan Dodson,10920.0,2024.7037400000002,24,2011-01-31,2014-12-24,Repeat Customer,Regular-Value Customer,10920.0
Brendan Murry,12055.0,282.13467999999995,34,2011-01-22,2014-11-27,Repeat Customer,Regular-Value Customer,12055.0
Brendan Sweed,12179.0,2045.68872,28,2011-01-15,2014-11-26,Repeat Customer,Regular-Value Customer,12179.0
Brian Dahlen,9890.0,1425.66744,24,2011-01-10,2014-09-25,Repeat Customer,Regular-Value Customer,9890.0
Brian DeCherney,10772.0,984.42392,36,2011-03-01,2014-11-12,Repeat Customer,Regular-Value Customer,10772.0
Brian Derr,16917.0,2792.3093000000003,34,2011-04-12,2014-12-22,Repeat Customer,High-Value Customer,16917.0
Brian Moss,17459.0,4385.84518,32,2011-07-09,2014-11-28,Repeat Customer,High-Value Customer,17459.0
Brian Stugart,22573.0,3612.8758,31,2011-05-14,2014-12-02,Repeat Customer,High-Value Customer,22573.0
Brian Thompson,14896.0,1795.5495,26,2011-03-16,2014-12-13,Repeat Customer,Regular-Value Customer,14896.0
Brooke Gillingham,11213.0,417.31988,24,2011-04-30,2014-12-22,Repeat Customer,Regular-Value Customer,11213.0
Brosina Hoffman,28120.0,4876.9398,41,2011-01-06,2014-12-08,Repeat Customer,High-Value Customer,28120.0
Bruce Degenhardt,15959.0,2475.1561,43,2011-01-14,2014-12-27,Repeat Customer,High-Value Customer,15959.000000000002
Bruce Geld,15381.0,1426.6284000000003,28,2011-03-23,2014-12-25,Repeat Customer,High-Value Customer,15381.0
Bruce Stewart,19234.0,496.95910000000015,34,2011-05-18,2014-12-30,Repeat Customer,High-Value Customer,19234.0
Bryan Davis,13571.0,1528.27026,31,2011-01-31,2014-11-26,Repeat Customer,Regular-Value Customer,13571.0
Bryan Mills,20689.0,2512.6168,45,2011-03-10,2014-12-29,Repeat Customer,High-Value Customer,20689.0
Bryan Spruell,17253.0,2783.2074000000002,30,2011-03-01,2014-12-22,Repeat Customer,High-Value Customer,17253.0
Candace McMahon,14798.0,-2798.7906,28,2011-03-14,2014-11-21,Repeat Customer,Regular-Value Customer,14798.0
Cari MacIntyre,21608.0,2484.686,37,2011-07-08,2014-12-25,Repeat Customer,High-Value Customer,21608.0
Cari Sayre,22067.0,2915.3282,34,2011-01-13,2014-12-16,Repeat Customer,High-Value Customer,22067.0
Cari Schnelling,12179.0,1319.8943199999999,30,2011-03-03,2014-11-11,Repeat Customer,Regular-Value Customer,12179.0
Carl Jackson,13972.0,1957.42696,29,2011-09-12,2014-12-18,Repeat Customer,Regular-Value Customer,13972.0
Carl Ludwig,18180.0,-164.26294000000013,40,2011-01-22,2014-12-18,Repeat Customer,High-Value Customer,18180.0
Carl Weiss,14357.0,3007.3994,29,2011-06-09,2014-12-23,Repeat Customer,Regular-Value Customer,14357.0
Carlos Daly,20117.0,5028.9094,31,2011-03-12,2014-12-29,Repeat Customer,High-Value Customer,20117.0
Carlos Meador,10148.0,2206.362,25,2011-02-23,2014-11-25,Repeat Customer,Regular-Value Customer,10148.0
Carlos Soltero,14936.0,-1000.07596,36,2011-02-24,2014-12-06,Repeat Customer,Regular-Value Customer,14936.0
Carol Adams,23993.0,3279.0813,34,2011-01-27,2014-12-13,Repeat Customer,High-Value Customer,23993.0
Carol Darley,13232.0,1880.35726,30,2011-03-22,2014-12-30,Repeat Customer,Regular-Value Customer,13232.0
Carol Triggs,14139.0,2437.80334,29,2011-04-29,2014-12-03,Repeat Customer,Regular-Value Customer,14139.0
Caroline Jumper,19582.0,2417.592,29,2011-06-02,2014-11-28,Repeat Customer,High-Value Customer,19582.0
Cassandra Brandow,13529.0,208.82850000000005,30,2011-03-21,2014-12-22,Repeat Customer,Regular-Value Customer,13529.0
Catherine Glotzbach,4116.0,-246.83939999999998,24,2011-07-15,2014-12-10,Repeat Customer,Regular-Value Customer,4116.0
Cathy Armstrong,12293.0,1869.7699,25,2011-03-21,2014-12-18,Repeat Customer,Regular-Value Customer,12293.0
Cathy Hwang,15667.0,2671.50966,29,2011-04-12,2014-10-03,Repeat Customer,High-Value Customer,15667.000000000002
Cathy Prescott,19770.0,1750.5737,33,2011-06-27,2014-10-23,Repeat Customer,High-Value Customer,19770.0
Chad Cunningham,12522.0,2622.6274399999998,30,2011-11-15,2014-11-10,Repeat Customer,Regular-Value Customer,12522.0
Chad McGuire,16566.0,2442.3472,23,2011-02-10,2014-12-23,Repeat Customer,High-Value Customer,16566.0
Chad Sievert,12348.0,-4.067100000000101,26,2011-03-18,2014-12-20,Repeat Customer,Regular-Value Customer,12348.0
Charles Crestani,13350.0,1307.7991,30,2011-06-17,2014-10-10,Repeat Customer,Regular-Value Customer,13350.0
Charles McCrossin,20156.0,746.68682,31,2011-01-31,2014-12-05,Repeat Customer,High-Value Customer,20156.0
Charles Sheldon,20050.0,4328.5768,34,2011-01-18,2014-11-04,Repeat Customer,High-Value Customer,20050.0
Charlotte Melton,12827.0,117.79151999999998,29,2011-06-06,2014-12-31,Repeat Customer,Regular-Value Customer,12827.0
Chloris Kastensmidt,14572.0,965.81294,43,2011-03-11,2014-12-27,Repeat Customer,Regular-Value Customer,14572.000000000002
Chris Cortes,11483.0,2505.8885999999998,44,2011-03-03,2014-12-11,Repeat Customer,Regular-Value Customer,11483.0
Chris McAfee,11621.0,1887.6977,27,2011-01-03,2014-11-19,Repeat Customer,Regular-Value Customer,11621.0
Chris Selesnick,14418.0,2602.5059,34,2011-01-14,2014-12-29,Repeat Customer,Regular-Value Customer,14418.0
Christina Anderson,21835.0,3662.118,38,2011-01-26,2014-11-27,Repeat Customer,High-Value Customer,21834.999999999996
Christina DeMoss,17986.0,2591.7817800000003,31,2011-06-27,2014-12-19,Repeat Customer,High-Value Customer,17986.0
Christina VanderZanden,10327.0,605.33728,29,2011-03-28,2014-11-22,Repeat Customer,Regular-Value Customer,10327.0
Christine Abelman,7803.0,867.15866,26,2011-03-23,2014-12-18,Repeat Customer,Regular-Value Customer,7803.000000000001
Christine Kargatis,13055.0,1380.71322,35,2011-03-14,2014-12-31,Repeat Customer,Regular-Value Customer,13055.0
Christine Phan,25157.0,1748.2813800000001,34,2011-01-24,2014-12-23,Repeat Customer,High-Value Customer,25157.0
Christine Sundaresam,10546.0,-1.151800000000037,40,2011-04-02,2014-12-25,Repeat Customer,Regular-Value Customer,10546.0
Christopher Conant,35187.0,5603.3337,39,2011-02-04,2014-12-25,Repeat Customer,High-Value Customer,35187.0
Christopher Martinez,22460.0,3010.03432,29,2011-01-08,2014-11-24,Repeat Customer,High-Value Customer,22460.0
Christopher Schild,12516.0,2080.04256,28,2011-06-24,2014-12-30,Repeat Customer,Regular-Value Customer,12516.0
Christy Brittain,13938.0,2087.0836600000002,27,2011-02-24,2014-12-05,Repeat Customer,Regular-Value Customer,13937.999999999998
Chuck Clark,15040.0,2940.51086,31,2011-01-24,2014-12-31,Repeat Customer,Regular-Value Customer,15040.0
Chuck Magee,13715.0,1476.65568,29,2011-04-25,2014-12-16,Repeat Customer,Regular-Value Customer,13715.0
Chuck Sachs,22759.0,2943.10958,31,2011-01-11,2014-12-25,Repeat Customer,High-Value Customer,22759.0
Cindy Chapman,20866.0,4034.85446,37,2011-05-03,2014-12-15,Repeat Customer,High-Value Customer,20866.0
Cindy Schnelling,12775.0,188.87189999999993,33,2011-04-09,2014-12-29,Repeat Customer,Regular-Value Customer,12775.0
Cindy Stewart,13432.0,-6151.558099999999,23,2011-03-26,2014-12-04,Repeat Customer,Regular-Value Customer,13432.0
Claire Gute,14662.0,2566.57842,25,2011-07-06,2014-12-03,Repeat Customer,Regular-Value Customer,14662.0
Claudia Bergmann,18261.0,2167.21744,29,2011-01-22,2014-12-24,Repeat Customer,High-Value Customer,18261.0
Clay Cheatham,9345.0,1524.5489400000001,30,2011-03-17,2014-12-04,Repeat Customer,Regular-Value Customer,9345.0
Clay Ludtke,19784.0,1323.4289800000001,36,2011-02-09,2014-12-26,Repeat Customer,High-Value Customer,19784.0
Clay Rozendal,11759.0,1945.9958,25,2011-08-12,2014-12-09,Repeat Customer,Regular-Value Customer,11759.0
Clytie Kelty,17141.0,2373.63598,36,2011-07-29,2014-11-18,Repeat Customer,High-Value Customer,17141.0
Corey Catlett,17604.0,3003.011,32,2011-07-16,2014-12-15,Repeat Customer,High-Value Customer,17604.0
Corey Roper,22354.0,2345.12208,37,2011-01-23,2014-11-18,Repeat Customer,High-Value Customer,22354.0
Corey-Lock,13049.0,1196.03996,30,2011-04-14,2014-12-27,Repeat Customer,Regular-Value Customer,13049.0
Corinna Mitchell,15580.0,-955.0624199999999,30,2011-08-06,2014-12-04,Repeat Customer,High-Value Customer,15580.000000000002
Craig Carreira,11497.0,-280.98170000000005,34,2011-04-13,2014-12-15,Repeat Customer,Regular-Value Customer,11497.0
Craig Carroll,16815.0,2249.8603000000003,25,2011-03-22,2014-11-07,Repeat Customer,High-Value Customer,16815.0
Craig Leslie,19378.0,2670.3287,35,2011-01-15,2014-12-23,Repeat Customer,High-Value Customer,19378.0
Craig Molinari,11230.0,1210.3413,26,2011-03-07,2014-11-20,Repeat Customer,Regular-Value Customer,11230.0
Craig Reiter,20848.0,1435.4373600000001,35,2011-07-15,2014-12-26,Repeat Customer,High-Value Customer,20848.0
Craig Yedwab,14220.0,1542.243,35,2011-05-06,2014-11-01,Repeat Customer,Regular-Value Customer,14220.0
Cyma Kinney,10596.0,525.3842999999999,38,2011-02-08,2014-11-24,Repeat Customer,Regular-Value Customer,10596.0
Cynthia Arntzen,19834.0,3891.2644999999998,30,2011-06-07,2014-09-29,Repeat Customer,High-Value Customer,19834.0
Cynthia Delaney,14500.0,2154.3026999999997,32,2011-02-03,2014-10-16,Repeat Customer,Regular-Value Customer,14500.0
Cynthia Voltz,14857.0,1910.1065,27,2011-04-27,2014-12-27,Repeat Customer,Regular-Value Customer,14857.0
Cyra Reiten,15657.0,3312.72046,32,2011-06-11,2014-11-06,Repeat Customer,High-Value Customer,15657.0
Damala Kotsonis,20961.0,2917.8505,43,2011-01-31,2014-12-10,Repeat Customer,High-Value Customer,20961.0
Dan Campbell,13439.0,-70.48979999999997,38,2011-07-05,2014-11-27,Repeat Customer,Regular-Value Customer,13439.0
Dan Lawera,12690.0,426.03500000000014,41,2011-01-10,2014-11-04,Repeat Customer,Regular-Value Customer,12690.0
Dan Reichenbach,16705.0,1984.3986000000002,40,2011-04-18,2014-12-28,Repeat Customer,High-Value Customer,16705.0
Dana Kaydos,19638.0,1363.56276,28,2011-05-17,2014-11-16,Repeat Customer,High-Value Customer,19638.0
Daniel Byrd,15392.0,1656.9395000000002,35,2011-04-07,2014-12-29,Repeat Customer,High-Value Customer,15391.999999999998
Daniel Lacy,12201.0,1108.44,28,2011-02-18,2014-11-24,Repeat Customer,Regular-Value Customer,12201.0
Daniel Raglin,27932.0,6103.97292,41,2011-02-09,2014-12-04,Repeat Customer,High-Value Customer,27932.0
Dario Medina,22297.0,2306.92722,41,2011-07-11,2014-12-19,Repeat Customer,High-Value Customer,22297.0
Darren Budd,9681.0,586.9649,15,2011-03-14,2014-11-04,Repeat Customer,Regular-Value Customer,9681.0
Darren Koutras,14903.0,1287.9167,36,2011-01-20,2014-12-30,Repeat Customer,Regular-Value Customer,14903.0
Darren Powers,15980.0,-517.4512,41,2011-01-04,2014-12-17,Repeat Customer,High-Value Customer,15980.0
Darrin Martin,17733.0,1991.7519,36,2011-03-04,2014-12-29,Repeat Customer,High-Value Customer,17733.0
Darrin Sayre,13283.0,1487.6673999999998,32,2011-04-19,2014-11-13,Repeat Customer,Regular-Value Customer,13283.0
Darrin Van Huff,22749.0,616.32492,37,2011-01-21,2014-12-12,Repeat Customer,High-Value Customer,22749.0
Dave Brooks,25550.0,3652.3608600000002,34,2011-03-01,2014-12-23,Repeat Customer,High-Value Customer,25550.0
Dave Hallsten,16191.0,1681.8685,35,2011-02-01,2014-10-17,Repeat Customer,High-Value Customer,16191.0
Dave Kipp,19456.0,4080.5637,39,2011-03-15,2014-12-23,Repeat Customer,High-Value Customer,19456.0
Dave Poirier,25901.0,4600.1323,31,2011-01-07,2014-12-25,Repeat Customer,High-Value Customer,25901.0
David Bremer,6275.0,-2270.6965800000003,20,2011-09-30,2014-12-26,Repeat Customer,Regular-Value Customer,6275.0
David Flashing,11540.0,363.0722000000001,22,2011-01-11,2014-12-22,Repeat Customer,Regular-Value Customer,11540.0
David Kendrick,17559.0,2179.1376999999998,36,2011-02-01,2014-12-21,Repeat Customer,High-Value Customer,17559.0
David Philippe,23730.0,834.5305200000001,31,2011-01-30,2014-12-24,Repeat Customer,High-Value Customer,23730.0
David Smith,13634.0,1713.4145,33,2011-04-25,2014-12-17,Repeat Customer,Regular-Value Customer,13634.0
David Wiener,10930.0,1739.0983,30,2011-01-19,2014-12-25,Repeat Customer,Regular-Value Customer,10930.0
Dean Braden,14132.0,1425.8078,34,2011-02-03,2014-12-24,Repeat Customer,Regular-Value Customer,14132.0
Dean Katz,10652.0,1007.098,37,2011-03-14,2014-12-30,Repeat Customer,Regular-Value Customer,10652.0
Dean percer,22833.0,3959.16412,35,2011-05-26,2014-12-13,Repeat Customer,High-Value Customer,22833.0
Deanra Eno,12799.0,1735.4974,30,2011-06-23,2014-12-12,Repeat Customer,Regular-Value Customer,12799.0
Deborah Brumfield,12578.0,1640.2389,27,2011-02-05,2014-12-22,Repeat Customer,Regular-Value Customer,12578.0
Debra Catini,16972.0,865.3341,27,2011-04-28,2014-12-13,Repeat Customer,High-Value Customer,16972.0
Deirdre Greer,16715.0,2374.3181,34,2011-07-09,2014-12-17,Repeat Customer,High-Value Customer,16715.0
Delfina Latchford,20252.0,2798.5357,33,2011-01-17,2014-12-13,Repeat Customer,High-Value Customer,20252.0
Denise Leinenbach,17936.0,2747.4922,37,2011-03-14,2014-12-19,Repeat Customer,High-Value Customer,17936.0
Denise Monton,22051.0,-2597.8029,33,2011-08-24,2014-12-29,Repeat Customer,High-Value Customer,22051.0
Dennis Bolton,10610.0,1922.71686,30,2011-01-27,2014-11-14,Repeat Customer,Regular-Value Customer,10610.0
Dennis Kane,20103.0,2965.5079,36,2011-02-27,2014-12-27,Repeat Customer,High-Value Customer,20103.0
Dennis Pardue,11661.0,2688.1890000000003,33,2011-01-03,2014-12-31,Repeat Customer,Regular-Value Customer,11661.0
Denny Blanton,16634.0,1958.55586,28,2011-05-22,2014-12-03,Repeat Customer,High-Value Customer,16634.0
Denny Joy,22561.0,3255.39614,32,2011-03-21,2014-12-30,Repeat Customer,High-Value Customer,22561.0
Denny Ordway,18797.0,4137.6354,42,2011-06-23,2014-11-25,Repeat Customer,High-Value Customer,18797.0
Dianna Arnett,15248.0,-297.8313399999999,29,2011-04-04,2014-12-18,Repeat Customer,Regular-Value Customer,15247.999999999998
Dianna Vittorini,16951.0,3342.72258,25,2011-01-11,2014-12-18,Repeat Customer,High-Value Customer,16951.0
Dianna Wilson,23456.0,5029.0892,35,2011-04-02,2014-11-06,Repeat Customer,High-Value Customer,23456.0
Dionis Lloyd,16648.0,1560.868,32,2011-06-29,2014-12-09,Repeat Customer,High-Value Customer,16648.0
Don Jones,21395.0,4310.462,38,2011-01-15,2014-12-25,Repeat Customer,High-Value Customer,21395.0
Don Miller,11836.0,-273.4155199999999,25,2011-07-05,2014-11-26,Repeat Customer,Regular-Value Customer,11836.0
Don Weiss,14384.0,425.7092,24,2011-03-28,2014-12-19,Repeat Customer,Regular-Value Customer,14384.0
Dorothy Badders,10384.0,1242.2766,25,2011-04-21,2014-12-26,Repeat Customer,Regular-Value Customer,10384.0
Dorothy Dickinson,11071.0,1399.6512,32,2011-01-03,2014-11-20,Repeat Customer,Regular-Value Customer,11071.0
Dorothy Wardle,12606.0,870.557,41,2011-06-02,2014-12-26,Repeat Customer,Regular-Value Customer,12605.999999999998
Dorris liebe,14720.0,1851.7062,30,2011-03-16,2014-12-26,Repeat Customer,Regular-Value Customer,14720.0
Doug Bickford,12855.0,2967.6800000000003,32,2011-07-18,2014-12-04,Repeat Customer,Regular-Value Customer,12855.0
Doug Jacobs,13852.0,2675.7544000000003,33,2011-09-15,2014-12-19,Repeat Customer,Regular-Value Customer,13852.0
Doug O'Connell,13772.0,1816.73452,30,2011-05-24,2014-12-05,Repeat Customer,Regular-Value Customer,13772.0
Duane Benoit,13604.0,1417.79834,23,2011-02-07,2014-12-19,Repeat Customer,Regular-Value Customer,13604.0
Duane Huffman,12477.0,2151.1435,29,2011-04-13,2014-12-11,Repeat Customer,Regular-Value Customer,12477.0
Duane Noonan,14915.0,233.54249999999996,29,2011-02-02,2014-12-19,Repeat Customer,Regular-Value Customer,14914.999999999998
Ed Braxton,15525.0,1488.6075999999998,33,2011-01-09,2014-11-13,Repeat Customer,High-Value Customer,15525.0
Ed Jacobs,10699.0,1209.9476,30,2011-01-28,2014-11-12,Repeat Customer,Regular-Value Customer,10699.0
Ed Ludwig,14209.0,1155.5394000000001,34,2011-03-01,2014-12-05,Repeat Customer,Regular-Value Customer,14209.0
Edward Becker,9428.0,1487.154,26,2011-02-08,2014-11-29,Repeat Customer,Regular-Value Customer,9428.0
Edward Hooks,21272.0,671.1933999999999,38,2011-01-17,2014-12-29,Repeat Customer,High-Value Customer,21272.0
Edward Nazzal,7072.0,237.69949999999997,28,2011-03-18,2014-12-17,Repeat Customer,Regular-Value Customer,7072.0
Eileen Kiefer,7124.0,765.4778000000001,23,2011-03-18,2014-11-17,Repeat Customer,Regular-Value Customer,7124.0
Eleni McCrary,14584.0,1897.36954,29,2011-06-08,2014-11-03,Repeat Customer,Regular-Value Customer,14584.0
Elizabeth Moffitt,14508.0,1988.0723600000001,32,2011-08-10,2014-11-06,Repeat Customer,Regular-Value Customer,14508.0
Ellis Ballard,21986.0,5848.74774,31,2011-02-02,2014-12-29,Repeat Customer,High-Value Customer,21986.0
Elpida Rittenbach,17131.0,2585.7182000000003,26,2011-01-10,2014-11-08,Repeat Customer,High-Value Customer,17131.0
Emily Burns,7037.0,20.558200000000028,24,2011-04-02,2014-12-16,Repeat Customer,Regular-Value Customer,7037.0
Emily Ducich,18549.0,2572.4465,39,2011-02-17,2014-12-16,Repeat Customer,High-Value Customer,18549.0
Emily Grady,23114.0,2604.2372800000003,32,2011-02-25,2014-12-09,Repeat Customer,High-Value Customer,23114.0
Emily Phan,16770.0,2103.96474,36,2011-05-21,2014-12-19,Repeat Customer,High-Value Customer,16770.0
Eric Barreto,11967.0,2091.7421,27,2011-02-03,2014-12-24,Repeat Customer,Regular-Value Customer,11967.0
Eric Hoffmann,10351.0,2250.05482,36,2011-04-21,2014-11-04,Repeat Customer,Regular-Value Customer,10351.0
Eric Murdock,28085.0,3306.01548,45,2011-01-11,2014-12-29,Repeat Customer,High-Value Customer,28085.0
Erica Bern,16119.0,3030.7344,41,2011-06-07,2014-12-31,Repeat Customer,High-Value Customer,16119.0
Erica Hackney,9481.0,1556.9195,32,2011-01-16,2014-11-28,Repeat Customer,Regular-Value Customer,9481.0
Erica Hernandez,13008.0,794.6513,35,2011-02-09,2014-12-29,Repeat Customer,Regular-Value Customer,13008.0
Erica Smith,14719.0,3127.37644,39,2011-05-19,2014-12-31,Repeat Customer,Regular-Value Customer,14719.0
Erin Ashbrook,11521.0,868.06012,34,2011-02-21,2014-09-29,Repeat Customer,Regular-Value Customer,11521.0
Erin Creighton,6731.0,831.7727,26,2011-04-11,2014-11-08,Repeat Customer,Regular-Value Customer,6730.999999999999
Erin Mull,15321.0,3939.46018,26,2011-07-22,2014-12-15,Repeat Customer,High-Value Customer,15320.999999999998
Erin Smith,18160.0,2175.2919,33,2011-02-02,2014-12-03,Repeat Customer,High-Value Customer,18160.0
Eudokia Martin,13723.0,1764.7839,26,2011-04-29,2014-12-23,Repeat Customer,Regular-Value Customer,13722.999999999998
Eugene Barchas,16085.0,2893.6639,34,2011-03-14,2014-12-11,Repeat Customer,High-Value Customer,16085.0
Eugene Hildebrand,22424.0,1660.3308200000001,44,2011-05-13,2014-12-09,Repeat Customer,High-Value Customer,22424.0
Eugene Moren,23411.0,3624.25176,36,2011-01-01,2014-12-07,Repeat Customer,High-Value Customer,23411.0
Eva Jacobs,14957.0,2794.5691,28,2011-03-03,2014-12-09,Repeat Customer,Regular-Value Customer,14957.0
Evan Bailliet,8006.0,565.6232,29,2011-04-20,2014-12-12,Repeat Customer,Regular-Value Customer,8006.0
Evan Henry,16377.0,2281.5105200000003,37,2011-02-02,2014-10-25,Repeat Customer,High-Value Customer,16377.0
Evan Minnotte,19672.0,3647.45576,27,2011-05-04,2014-11-20,Repeat Customer,High-Value Customer,19672.0
Filia McAdams,17287.0,1394.0246,37,2011-01-25,2014-12-24,Repeat Customer,High-Value Customer,17287.0
Frank Atkinson,14350.0,1496.1937,35,2011-05-25,2014-12-09,Repeat Customer,Regular-Value Customer,14350.0
Frank Carlisle,12410.0,2780.7909999999997,29,2011-04-20,2014-11-19,Repeat Customer,Regular-Value Customer,12410.0
Frank Gastineau,9704.0,1034.1122,27,2011-05-21,2014-11-27,Repeat Customer,Regular-Value Customer,9704.0
Frank Hawley,13686.0,3547.5756,28,2011-03-02,2014-12-27,Repeat Customer,Regular-Value Customer,13686.0
Frank Merwin,16388.0,2601.29072,38,2011-08-26,2014-12-29,Repeat Customer,High-Value Customer,16388.0
Frank Olsen,17775.0,3023.7504,47,2011-01-25,2014-12-09,Repeat Customer,High-Value Customer,17775.0
Frank Preis,10760.0,937.1935000000001,34,2011-06-29,2014-12-08,Repeat Customer,Regular-Value Customer,10760.0
Fred Chung,9323.0,1496.69624,27,2011-03-15,2014-09-15,Repeat Customer,Regular-Value Customer,9323.0
Fred Harton,10766.0,2888.03482,23,2011-09-16,2014-12-30,Repeat Customer,Regular-Value Customer,10766.0
Fred Hopkins,30404.0,4609.29112,39,2011-05-30,2014-12-30,Repeat Customer,High-Value Customer,30403.999999999996
Fred McMath,7441.0,1015.5115,27,2011-02-25,2014-12-30,Repeat Customer,Regular-Value Customer,7441.0
Fred Wasserman,18194.0,1683.7903999999999,34,2011-04-25,2014-12-31,Repeat Customer,High-Value Customer,18194.0
Gary Hansen,15269.0,613.8054799999999,45,2011-04-22,2014-12-11,Repeat Customer,High-Value Customer,15269.0
Gary Hwang,24629.0,3908.1151000000004,41,2011-01-25,2014-12-13,Repeat Customer,High-Value Customer,24629.0
Gary McGarr,16518.0,1665.0138799999997,34,2011-03-21,2014-12-30,Repeat Customer,High-Value Customer,16518.0
Gary Mitchum,11011.0,2872.1064,21,2011-04-11,2014-12-15,Repeat Customer,Regular-Value Customer,11011.0
Gary Zandusky,24700.0,3742.4389,43,2011-02-15,2014-12-24,Repeat Customer,High-Value Customer,24700.0
Gene Hale,15488.0,2295.9524,25,2011-02-01,2014-11-10,Repeat Customer,High-Value Customer,15488.0
Gene McClure,11003.0,1553.25212,28,2011-07-23,2014-09-18,Repeat Customer,Regular-Value Customer,11003.0
George Ashbrook,13806.0,792.3443199999999,31,2011-05-02,2014-12-09,Repeat Customer,Regular-Value Customer,13806.0
George Bell,12183.0,656.2901,30,2011-02-07,2014-11-28,Repeat Customer,Regular-Value Customer,12183.0
George Zrebassa,15294.0,4105.5978000000005,30,2011-06-29,2014-12-01,Repeat Customer,High-Value Customer,15294.0
Georgia Rosenberg,13850.0,496.27974,30,2011-03-08,2014-11-12,Repeat Customer,Regular-Value Customer,13850.0
Giulietta Baptist,12570.0,1633.26568,30,2011-12-08,2014-12-18,Repeat Customer,Regular-Value Customer,12570.0
Giulietta Dortch,18705.0,1888.1499,33,2011-02-02,2014-12-26,Repeat Customer,High-Value Customer,18705.0
Giulietta Weimer,18071.0,1199.0592,33,2011-03-01,2014-12-17,Repeat Customer,High-Value Customer,18071.0
Grace Kelly,19982.0,3495.2934,28,2011-01-06,2014-12-19,Repeat Customer,High-Value Customer,19982.0
Grant Thornton,20226.0,-3577.92306,27,2011-01-04,2014-12-22,Repeat Customer,High-Value Customer,20226.0
Greg Guthrie,13901.0,1523.52326,33,2011-01-10,2014-11-28,Repeat Customer,Regular-Value Customer,13901.0
Greg Hansen,13997.0,1584.66962,38,2011-01-24,2014-12-30,Repeat Customer,Regular-Value Customer,13997.0
Greg Matthias,13600.0,-1337.92006,37,2011-01-13,2014-12-30,Repeat Customer,Regular-Value Customer,13600.0
Greg Maxwell,15355.0,-11.358500000000213,26,2011-04-05,2014-11-14,Repeat Customer,High-Value Customer,15355.0
Greg Tran,35552.0,5214.13118,34,2011-03-08,2014-12-23,Repeat Customer,High-Value Customer,35552.0
Guy Armstrong,10285.0,771.9774,28,2011-02-12,2014-12-29,Repeat Customer,Regular-Value Customer,10285.0
Guy Phonely,15403.0,1250.1096,33,2011-04-06,2014-12-30,Repeat Customer,High-Value Customer,15403.0
Guy Thornton,9061.0,784.1793200000001,31,2011-03-30,2014-12-31,Repeat Customer,Regular-Value Customer,9061.0
Hallie Redmond,15680.0,1705.2724,26,2011-02-09,2014-12-18,Repeat Customer,High-Value Customer,15680.0
Harold Dahlen,20070.0,2631.1922,36,2011-05-11,2014-11-19,Repeat Customer,High-Value Customer,20070.0
Harold Engle,10993.0,1710.43802,35,2011-01-30,2014-12-25,Repeat Customer,Regular-Value Customer,10993.0
Harold Pawlan,8517.0,880.2212,29,2011-03-25,2014-12-01,Repeat Customer,Regular-Value Customer,8517.0
Harold Ryan,10034.0,1456.03576,24,2011-09-15,2014-11-10,Repeat Customer,Regular-Value Customer,10034.0
Harry Greene,24217.0,-291.4922799999999,39,2011-04-29,2014-12-19,Repeat Customer,High-Value Customer,24216.999999999996
Harry Marie,28477.0,6958.2864,41,2011-01-07,2014-12-30,Repeat Customer,High-Value Customer,28476.999999999996
Heather Jas,15435.0,2618.261,38,2011-04-29,2014-12-26,Repeat Customer,High-Value Customer,15435.0
Heather Kirkland,15541.0,2494.9302000000002,33,2011-01-26,2014-11-18,Repeat Customer,High-Value Customer,15541.0
Helen Abelman,16930.0,-761.6941599999999,28,2011-06-30,2014-12-18,Repeat Customer,High-Value Customer,16930.0
Helen Andreada,10414.0,1561.1586,31,2011-02-14,2014-12-11,Repeat Customer,Regular-Value Customer,10414.0
Helen Wasserman,18372.0,2555.1131,35,2011-09-23,2014-11-27,Repeat Customer,High-Value Customer,18372.0
Henia Zydlo,12487.0,741.4829,28,2011-01-08,2014-11-26,Repeat Customer,Regular-Value Customer,12487.0
Henry Goldwyn,17168.0,-1597.5109,39,2011-09-20,2014-12-08,Repeat Customer,High-Value Customer,17168.0
Henry MacAllister,17128.0,2673.3391,34,2011-08-15,2014-12-06,Repeat Customer,High-Value Customer,17128.0
Herbert Flentye,11813.0,-653.1279,36,2011-01-28,2014-12-17,Repeat Customer,Regular-Value Customer,11813.0
Hilary Holden,15229.0,2432.32402,27,2011-07-07,2014-11-07,Repeat Customer,Regular-Value Customer,15229.0
Hunter Glantz,16214.0,1532.9159,36,2011-01-26,2014-12-25,Repeat Customer,High-Value Customer,16214.0
Hunter Lopez,30246.0,7816.567779999999,24,2011-01-21,2014-12-01,Repeat Customer,High-Value Customer,30246.0
Ionia McGrath,9480.0,2447.97986,22,2011-01-24,2014-12-16,Repeat Customer,Regular-Value Customer,9480.0
Irene Maddox,19919.0,-680.30418,34,2011-01-20,2014-11-21,Repeat Customer,High-Value Customer,19919.0
Ivan Gibson,16151.0,1911.16818,37,2011-04-25,2014-12-30,Repeat Customer,High-Value Customer,16150.999999999998
Ivan Liston,12853.0,1181.07276,32,2011-06-09,2014-09-06,Repeat Customer,Regular-Value Customer,12853.0
Jack Garza,15708.0,-922.2610199999999,28,2011-01-03,2014-12-26,Repeat Customer,High-Value Customer,15708.0
Jack Lebron,18673.0,1040.1775400000001,40,2011-03-21,2014-12-23,Repeat Customer,High-Value Customer,18673.0
Jack O'Briant,13348.0,3045.2555,29,2011-01-07,2014-12-26,Repeat Customer,Regular-Value Customer,13348.0
James Galang,21554.0,4549.1004,40,2011-05-30,2014-12-30,Repeat Customer,High-Value Customer,21554.0
James Lanier,14847.0,1701.17116,32,2011-01-13,2014-12-25,Repeat Customer,Regular-Value Customer,14847.0
Jamie Frazer,20576.0,1722.6054,36,2011-03-26,2014-12-25,Repeat Customer,High-Value Customer,20576.0
Jamie Kunitz,12533.0,2763.7822,29,2011-06-06,2014-10-31,Repeat Customer,Regular-Value Customer,12533.0
Jane Waco,30288.0,6265.8457,40,2011-05-16,2014-12-19,Repeat Customer,High-Value Customer,30288.0
Janet Lee,20479.0,4730.68904,28,2011-03-09,2014-12-30,Repeat Customer,High-Value Customer,20479.0
Janet Martin,18017.0,1664.65432,29,2011-01-24,2014-12-25,Repeat Customer,High-Value Customer,18017.0
Janet Molinari,16168.0,2780.094,33,2011-03-18,2014-11-24,Repeat Customer,High-Value Customer,16168.0
Jas O'Carroll,8819.0,1905.7893000000001,25,2011-01-03,2014-12-17,Repeat Customer,Regular-Value Customer,8819.0
Jason Fortune-,22817.0,2692.5273,32,2011-03-14,2014-11-05,Repeat Customer,High-Value Customer,22817.0
Jason Gross,13570.0,2254.6355,29,2011-06-25,2014-12-29,Repeat Customer,Regular-Value Customer,13570.0
Jason Klamczynski,17200.0,2022.38702,31,2011-01-22,2014-10-15,Repeat Customer,High-Value Customer,17200.0
Jasper Cacioppo,18443.0,337.791,35,2011-01-04,2014-11-27,Repeat Customer,High-Value Customer,18443.0
Jay Fein,10818.0,-1874.6750000000002,31,2011-01-26,2014-12-18,Repeat Customer,Regular-Value Customer,10818.0
Jay Kimmel,13401.0,1550.04784,33,2011-04-11,2014-12-30,Repeat Customer,Regular-Value Customer,13401.0
Jenna Caffey,16161.0,1304.56232,34,2011-10-29,2014-12-23,Repeat Customer,High-Value Customer,16161.0
Jennifer Braxton,15258.0,2451.8621,41,2011-04-01,2014-12-24,Repeat Customer,High-Value Customer,15258.0
Jennifer Ferguson,22947.0,2666.84548,34,2011-06-09,2014-12-29,Repeat Customer,High-Value Customer,22947.0
Jennifer Halladay,12692.0,1590.6942000000001,40,2011-01-05,2014-12-26,Repeat Customer,Regular-Value Customer,12692.0
Jennifer Jackson,12191.0,1022.6992,25,2011-05-18,2014-12-12,Repeat Customer,Regular-Value Customer,12191.0
Jennifer Patt,14212.0,2079.42932,36,2011-02-10,2014-11-25,Repeat Customer,Regular-Value Customer,14212.0
Jeremy Ellison,6818.0,1318.1717,30,2011-02-15,2014-12-04,Repeat Customer,Regular-Value Customer,6818.0
Jeremy Farry,10722.0,1200.10256,37,2011-03-01,2014-12-27,Repeat Customer,Regular-Value Customer,10722.0
Jeremy Lonsdale,11362.0,1186.2773,25,2011-06-19,2014-12-01,Repeat Customer,Regular-Value Customer,11362.0
Jeremy Pistek,18659.0,3170.16016,30,2011-08-12,2014-12-23,Repeat Customer,High-Value Customer,18659.0
Jessica Myrick,7789.0,1358.9265,25,2011-04-25,2014-12-17,Repeat Customer,Regular-Value Customer,7789.0
Jesus Ocampo,8209.0,582.7569,28,2011-08-09,2014-12-19,Repeat Customer,Regular-Value Customer,8209.0
Jill Fjeld,23621.0,4877.68546,35,2011-06-16,2014-12-30,Repeat Customer,High-Value Customer,23621.0
Jill Matthias,14181.0,1716.7324,29,2011-01-24,2014-12-31,Repeat Customer,Regular-Value Customer,14181.0
Jill Stevenson,10142.0,-161.19349999999997,24,2011-03-03,2014-12-26,Repeat Customer,Regular-Value Customer,10142.0
Jim Epp,13952.0,1371.9133000000002,32,2011-10-06,2014-11-19,Repeat Customer,Regular-Value Customer,13952.0
Jim Karlsson,17121.0,3976.3415999999997,35,2011-03-21,2014-12-30,Repeat Customer,High-Value Customer,17121.0
Jim Kriz,13071.0,2754.2758,30,2011-09-19,2014-12-31,Repeat Customer,Regular-Value Customer,13071.0
Jim Mitchum,19899.0,1798.53406,42,2011-02-24,2014-12-23,Repeat Customer,High-Value Customer,19899.0
Jim Radford,15925.0,-760.4169000000002,26,2011-02-18,2014-12-19,Repeat Customer,High-Value Customer,15925.0
Jim Sink,16281.0,2350.4863,31,2011-06-07,2014-11-21,Repeat Customer,High-Value Customer,16281.000000000002
Jocasta Rupert,11242.0,932.5277600000001,24,2011-01-10,2014-12-24,Repeat Customer,Regular-Value Customer,11242.0
Joe Elijah,22452.0,3620.8885,43,2011-01-08,2014-12-22,Repeat Customer,High-Value Customer,22452.0
Joe Kamberova,26689.0,4373.5003,40,2011-03-08,2014-11-13,Repeat Customer,High-Value Customer,26689.0
Joel Eaton,21905.0,1528.78066,42,2011-06-22,2014-11-29,Repeat Customer,High-Value Customer,21905.0
Joel Jenkins,19993.0,1848.98628,34,2011-08-24,2014-12-29,Repeat Customer,High-Value Customer,19993.0
John Castell,12298.0,1858.38624,30,2011-09-14,2014-12-30,Repeat Customer,Regular-Value Customer,12298.0
John Dryer,11591.0,-1198.71274,29,2011-06-03,2014-12-16,Repeat Customer,Regular-Value Customer,11591.0
John Grady,22219.0,3280.7801,40,2011-04-05,2014-12-31,Repeat Customer,High-Value Customer,22219.0
John Huston,25947.0,5395.8237,38,2011-02-10,2014-12-18,Repeat Customer,High-Value Customer,25947.0
John Lee,25979.0,2393.002,37,2011-03-04,2014-12-10,Repeat Customer,High-Value Customer,25979.0
John Lucas,10503.0,354.24659999999994,26,2011-02-21,2014-11-17,Repeat Customer,Regular-Value Customer,10503.0
John Murray,22386.0,2318.1149,35,2011-10-07,2014-10-24,Repeat Customer,High-Value Customer,22386.0
John Stevenson,12189.0,491.3969000000001,26,2011-04-08,2014-12-20,Repeat Customer,Regular-Value Customer,12189.0
Jonathan Doherty,19481.0,1726.7910200000001,38,2011-03-26,2014-12-29,Repeat Customer,High-Value Customer,19481.0
Jonathan Howell,16544.0,705.0602,40,2011-04-08,2014-11-21,Repeat Customer,High-Value Customer,16544.0
Joni Blumstein,13339.0,1130.50616,27,2011-09-16,2014-12-22,Repeat Customer,Regular-Value Customer,13339.0
Joni Sundaresam,6809.0,11.973400000000069,28,2011-01-24,2014-12-26,Repeat Customer,Regular-Value Customer,6809.0
Joni Wasserman,10949.0,657.1068,32,2011-06-14,2014-12-26,Repeat Customer,Regular-Value Customer,10949.0
Joseph Airdo,18169.0,842.3299999999999,32,2011-06-21,2014-12-31,Repeat Customer,High-Value Customer,18169.0
Joseph Holt,20939.0,386.67820000000006,45,2011-01-01,2014-12-20,Repeat Customer,High-Value Customer,20939.0
Joy Bell-,24011.0,2867.92322,39,2011-03-30,2014-12-30,Repeat Customer,High-Value Customer,24011.0
Joy Daniels,11346.0,-604.4102,32,2011-06-10,2014-11-19,Repeat Customer,Regular-Value Customer,11346.0
Joy Smith,20793.0,-103.00052000000001,36,2011-01-07,2014-12-10,Repeat Customer,High-Value Customer,20793.0
Julia Barnett,17087.0,249.04518000000016,34,2011-02-08,2014-12-31,Repeat Customer,High-Value Customer,17087.0
Julia Dunbar,11228.0,564.90306,28,2011-02-22,2014-10-27,Repeat Customer,Regular-Value Customer,11228.0
Julia West,20598.0,2950.0157,29,2011-03-22,2014-12-30,Repeat Customer,High-Value Customer,20598.0
Juliana Krohn,23136.0,1798.2473400000001,38,2011-06-18,2014-12-23,Repeat Customer,High-Value Customer,23136.0
Julie Creighton,14996.0,-1889.1059200000002,34,2011-02-24,2014-11-04,Repeat Customer,Regular-Value Customer,14996.0
Julie Kriz,15648.0,1894.19924,32,2011-03-28,2014-09-25,Repeat Customer,High-Value Customer,15648.0
Julie Prescott,14594.0,3479.0402,42,2011-06-21,2014-12-05,Repeat Customer,Regular-Value Customer,14594.0
Justin Deggeller,23618.0,2625.31888,34,2011-06-23,2014-12-31,Repeat Customer,High-Value Customer,23618.0
Justin Ellison,12910.0,2928.30396,28,2011-10-19,2014-12-11,Repeat Customer,Regular-Value Customer,12910.0
Justin Hirsh,23918.0,3994.6644,40,2011-03-29,2014-12-04,Repeat Customer,High-Value Customer,23918.0
Justin MacKendrick,9027.0,1519.795,33,2011-02-06,2014-12-19,Repeat Customer,Regular-Value Customer,9027.0
Justin Ritter,13625.0,2884.286,27,2011-10-13,2014-12-13,Repeat Customer,Regular-Value Customer,13625.0
Kalyca Meade,8643.0,369.5323,21,2011-03-08,2014-12-31,Repeat Customer,Regular-Value Customer,8643.0
Karen Bern,11846.0,2319.0706,34,2011-03-31,2014-12-27,Repeat Customer,Regular-Value Customer,11846.0
Karen Carlisle,10416.0,1979.5,35,2011-05-19,2014-11-17,Repeat Customer,Regular-Value Customer,10416.0
Karen Daniels,24018.0,2890.6947000000005,30,2011-09-20,2014-11-25,Repeat Customer,High-Value Customer,24018.0
Karen Ferguson,18267.0,2385.1931,30,2011-09-26,2014-11-29,Repeat Customer,High-Value Customer,18267.0
Karen Seio,5325.0,1113.68218,25,2011-03-11,2014-11-26,Repeat Customer,Regular-Value Customer,5325.0
Karl Braun,17494.0,1785.86258,40,2011-06-05,2014-12-29,Repeat Customer,High-Value Customer,17494.0
Katharine Harms,18414.0,3611.0256,39,2011-04-01,2014-12-15,Repeat Customer,High-Value Customer,18414.0
Katherine Ducich,11696.0,2428.8306000000002,21,2011-03-10,2014-11-20,Repeat Customer,Regular-Value Customer,11696.0
Katherine Hughes,12210.0,1842.3875,35,2011-03-01,2014-12-30,Repeat Customer,Regular-Value Customer,12210.0
Katherine Murray,18522.0,1451.08384,33,2011-05-19,2014-12-29,Repeat Customer,High-Value Customer,18522.0
Katherine Nockton,19669.0,4145.19254,32,2011-10-26,2014-12-12,Repeat Customer,High-Value Customer,19669.0
Katrina Bavinger,14027.0,618.2365,31,2011-02-14,2014-12-12,Repeat Customer,Regular-Value Customer,14027.0
Katrina Edelman,13553.0,1286.54742,35,2011-04-03,2014-12-05,Repeat Customer,Regular-Value Customer,13553.000000000002
Katrina Willman,15747.0,3107.0106,27,2011-02-17,2014-12-05,Repeat Customer,High-Value Customer,15746.999999999998
Kean Nguyen,18064.0,2257.2164,34,2011-01-03,2014-11-24,Repeat Customer,High-Value Customer,18064.0
Kean Takahito,17257.0,987.5934,39,2011-03-23,2014-11-18,Repeat Customer,High-Value Customer,17257.0
Kean Thornton,8362.0,-617.9192,27,2011-03-10,2014-12-04,Repeat Customer,Regular-Value Customer,8362.0
Keith Dawkins,26451.0,5486.1725,40,2011-06-14,2014-11-15,Repeat Customer,High-Value Customer,26451.0
Keith Herrera,16890.0,2196.8332,33,2011-06-29,2014-12-16,Repeat Customer,High-Value Customer,16890.0
Kelly Andreada,18876.0,1401.39752,42,2011-03-11,2014-12-15,Repeat Customer,High-Value Customer,18876.0
Kelly Collister,19401.0,2358.10316,32,2011-06-15,2014-11-28,Repeat Customer,High-Value Customer,19401.0
Kelly Lampkin,14248.0,738.7484,33,2011-05-09,2014-12-16,Repeat Customer,Regular-Value Customer,14248.0
Kelly Williams,11833.0,2371.1463,40,2011-02-08,2014-12-09,Repeat Customer,Regular-Value Customer,11833.0
Ken Black,16602.0,1351.0226,29,2011-04-04,2014-09-29,Repeat Customer,High-Value Customer,16602.0
Ken Brennan,11465.0,1046.2450999999999,36,2011-05-18,2014-12-30,Repeat Customer,Regular-Value Customer,11465.0
Ken Dana,12553.0,1750.72552,27,2011-10-20,2014-10-17,Repeat Customer,Regular-Value Customer,12553.0
Ken Heidel,9021.0,1505.97316,32,2011-02-02,2014-12-23,Repeat Customer,Regular-Value Customer,9021.0
Ken Lonsdale,24127.0,154.90049999999988,33,2011-01-03,2014-12-31,Repeat Customer,High-Value Customer,24127.0
Khloe Miller,10973.0,847.8977,32,2011-01-06,2014-12-16,Repeat Customer,Regular-Value Customer,10973.0
Kimberly Carter,13923.0,2144.96274,26,2011-09-07,2014-12-29,Repeat Customer,Regular-Value Customer,13923.0
Kristen Hastings,19856.0,2370.5742,46,2011-03-21,2014-12-29,Repeat Customer,High-Value Customer,19856.0
Kristina Nunn,10715.0,1698.5085000000001,24,2011-03-02,2014-09-24,Repeat Customer,Regular-Value Customer,10715.0
Kunst Miller,16968.0,2759.1905,26,2011-03-30,2014-12-03,Repeat Customer,High-Value Customer,16968.0
Larry Blacks,14583.0,1664.49192,36,2011-01-03,2014-12-22,Repeat Customer,Regular-Value Customer,14583.0
Larry Hughes,8693.0,641.2019000000001,27,2011-07-23,2014-12-19,Repeat Customer,Regular-Value Customer,8693.0
Larry Tron,18619.0,4213.65294,34,2011-01-23,2014-12-25,Repeat Customer,High-Value Customer,18619.0
Laura Armstrong,27864.0,3962.3098,46,2011-02-17,2014-12-30,Repeat Customer,High-Value Customer,27864.0
Laurel Beltran,26387.0,4303.23822,39,2011-02-14,2014-11-22,Repeat Customer,High-Value Customer,26386.999999999996
Laurel Elliston,11477.0,2025.0286,30,2011-04-19,2014-12-17,Repeat Customer,Regular-Value Customer,11477.0
Laurel Workman,10873.0,1148.80494,31,2011-03-24,2014-12-09,Repeat Customer,Regular-Value Customer,10873.0
Lauren Leatherbury,14939.0,894.9398600000001,35,2011-04-29,2014-12-05,Repeat Customer,Regular-Value Customer,14939.0
Lela Donovan,16181.0,1486.73868,38,2011-05-12,2014-11-19,Repeat Customer,High-Value Customer,16181.0
Lena Cacioppo,11078.0,1176.76826,29,2011-02-26,2014-12-08,Repeat Customer,Regular-Value Customer,11078.0
Lena Creighton,18889.0,1172.5113000000003,38,2011-01-24,2014-12-15,Repeat Customer,High-Value Customer,18889.0
Lena Hernandez,12941.0,997.38998,32,2011-05-13,2014-12-10,Repeat Customer,Regular-Value Customer,12941.0
Lena Radford,22903.0,3371.71596,29,2011-03-25,2014-12-05,Repeat Customer,High-Value Customer,22903.0
Linda Cazamias,16738.0,2273.42396,35,2011-02-21,2014-11-20,Repeat Customer,High-Value Customer,16738.0
Linda Southworth,13145.0,-67.85193999999993,32,2011-04-26,2014-12-25,Repeat Customer,Regular-Value Customer,13145.0
Lindsay Castell,14301.0,1420.7137,30,2011-04-26,2014-12-29,Repeat Customer,Regular-Value Customer,14301.0
Lindsay Shagiari,9366.0,1778.0724,27,2011-06-17,2014-12-11,Repeat Customer,Regular-Value Customer,9366.0
Lindsay Williams,10982.0,1486.9264,34,2011-01-03,2014-12-17,Repeat Customer,Regular-Value Customer,10982.0
Lisa DeCherney,11824.0,1165.43804,33,2011-02-11,2014-11-18,Repeat Customer,Regular-Value Customer,11824.0
Lisa Hazard,9164.0,1338.0789000000002,21,2011-05-27,2014-11-20,Repeat Customer,Regular-Value Customer,9164.0
Lisa Ryan,18799.0,2449.1383,35,2011-03-28,2014-11-16,Repeat Customer,High-Value Customer,18799.0
Liz Carlisle,20127.0,2847.60982,30,2011-02-01,2014-12-27,Repeat Customer,High-Value Customer,20127.0
Liz MacKendrick,15531.0,1868.1509999999998,22,2011-02-21,2014-12-24,Repeat Customer,High-Value Customer,15531.0
Liz Pelletier,9465.0,-265.57719999999995,31,2011-01-27,2014-11-21,Repeat Customer,Regular-Value Customer,9465.0
Liz Preis,16611.0,2122.698,30,2011-04-04,2014-12-31,Repeat Customer,High-Value Customer,16611.0
Liz Thompson,21217.0,3146.42816,32,2011-02-07,2014-11-27,Repeat Customer,High-Value Customer,21217.0
Liz Willingham,8045.0,1400.0412000000001,25,2011-04-07,2014-11-28,Repeat Customer,Regular-Value Customer,8045.0
Logan Currie,16082.0,1925.2869600000001,36,2011-07-27,2014-12-18,Repeat Customer,High-Value Customer,16082.0
Logan Haushalter,17288.0,1519.531,37,2011-03-01,2014-10-17,Repeat Customer,High-Value Customer,17288.0
Lori Olson,13541.0,1788.7198,35,2011-02-02,2014-12-29,Repeat Customer,Regular-Value Customer,13541.0
Luke Foster,13422.0,-3644.3475,27,2011-07-26,2014-12-09,Repeat Customer,Regular-Value Customer,13422.0
Luke Schmidt,15599.0,1653.96822,28,2011-01-31,2014-12-16,Repeat Customer,High-Value Customer,15599.0
Luke Weiss,12051.0,849.3825400000001,29,2011-01-25,2014-12-10,Repeat Customer,Regular-Value Customer,12051.0
Lycoris Saunders,11739.0,1377.4046799999999,34,2011-01-07,2014-12-27,Repeat Customer,Regular-Value Customer,11739.0
Lynn Smith,11713.0,1498.1314,30,2011-04-01,2014-11-27,Repeat Customer,Regular-Value Customer,11713.0
Magdelene Morse,21226.0,4380.72512,31,2011-01-02,2014-12-27,Repeat Customer,High-Value Customer,21226.0
Marc Crier,15988.0,2113.4819,39,2011-06-10,2014-11-17,Repeat Customer,High-Value Customer,15988.0
Marc Harrigan,15401.0,2316.01286,28,2011-01-22,2014-11-24,Repeat Customer,High-Value Customer,15401.000000000002
Maria Bertelson,21607.0,4622.34732,35,2011-08-08,2014-12-30,Repeat Customer,High-Value Customer,21607.0
Maria Etezadi,26252.0,3418.5585,40,2011-01-07,2014-12-26,Repeat Customer,High-Value Customer,26252.0
Maria Zettner,17960.0,2254.5034,31,2011-04-15,2014-12-10,Repeat Customer,High-Value Customer,17960.0
Maribeth Dona,17829.0,1230.6333200000001,36,2011-05-31,2014-12-05,Repeat Customer,High-Value Customer,17829.0
Maribeth Schnelling,21681.0,3529.3421999999996,39,2011-01-07,2014-12-26,Repeat Customer,High-Value Customer,21681.0
Maribeth Yedwab,16472.0,3559.5073,32,2011-05-05,2014-12-02,Repeat Customer,High-Value Customer,16472.0
Marina Lichtenstein,15555.0,1284.23268,32,2011-02-15,2014-12-31,Repeat Customer,High-Value Customer,15555.0
Maris LaWare,15175.0,1154.1427999999999,33,2011-11-01,2014-11-28,Repeat Customer,Regular-Value Customer,15175.0
Mark Cousins,16548.0,2851.25848,35,2011-03-21,2014-12-08,Repeat Customer,High-Value Customer,16548.0
Mark Haberlin,11304.0,1552.0084,33,2011-02-05,2014-12-23,Repeat Customer,Regular-Value Customer,11304.0
Mark Hamilton,14724.0,527.0470200000001,37,2011-03-11,2014-11-07,Repeat Customer,Regular-Value Customer,14724.0
Mark Packer,12987.0,2172.9781,30,2011-03-30,2014-12-26,Repeat Customer,Regular-Value Customer,12987.0
Mark Van Huff,11518.0,1810.6390999999999,32,2011-01-21,2014-12-15,Repeat Customer,Regular-Value Customer,11518.0
Mary O'Rourke,11126.0,519.0089,29,2011-02-10,2014-11-25,Repeat Customer,Regular-Value Customer,11126.0
Mary Zewe,16577.0,1883.04214,34,2011-03-02,2014-12-08,Repeat Customer,High-Value Customer,16577.0
MaryBeth Skach,14790.0,1987.37916,33,2011-06-24,2014-12-16,Repeat Customer,Regular-Value Customer,14790.0
Mathew Reese,21575.0,3711.2306,29,2011-07-28,2014-09-25,Repeat Customer,High-Value Customer,21575.0
Matt Abelman,12447.0,519.90348,28,2011-01-19,2014-10-28,Repeat Customer,Regular-Value Customer,12447.0
Matt Collins,17897.0,1749.34736,41,2011-08-15,2014-12-22,Repeat Customer,High-Value Customer,17897.0
Matt Collister,11674.0,1907.18878,28,2011-04-27,2014-11-10,Repeat Customer,Regular-Value Customer,11674.0
Matt Connell,13230.0,1366.9685,28,2011-03-19,2014-11-12,Repeat Customer,Regular-Value Customer,13230.0
Matt Hagelstein,12217.0,274.89098,27,2011-02-16,2014-12-08,Repeat Customer,Regular-Value Customer,12217.0
Matthew Clasen,21805.0,3643.2892,38,2011-03-25,2014-12-26,Repeat Customer,High-Value Customer,21805.0
Matthew Grinstein,13017.0,2205.32168,22,2011-08-09,2014-12-12,Repeat Customer,Regular-Value Customer,13016.999999999998
Maureen Fritzler,13529.0,1420.88584,32,2011-03-11,2014-11-13,Repeat Customer,Regular-Value Customer,13529.0
Maureen Gastineau,20363.0,741.1927000000001,37,2011-07-18,2014-11-25,Repeat Customer,High-Value Customer,20363.0
Maureen Gnade,18326.0,845.6976000000001,32,2011-03-07,2014-12-31,Repeat Customer,High-Value Customer,18326.0
Maurice Satty,10031.0,1152.74306,34,2011-03-08,2014-12-02,Repeat Customer,Regular-Value Customer,10031.0
Max Engle,9924.0,673.2612,39,2011-04-06,2014-12-20,Repeat Customer,Regular-Value Customer,9924.0
Max Jones,16486.0,2437.6299,30,2011-04-27,2014-12-10,Repeat Customer,High-Value Customer,16486.0
Max Ludwig,15534.0,1837.7616,35,2011-02-03,2014-12-30,Repeat Customer,High-Value Customer,15534.0
Maxwell Schwartz,17928.0,2851.78544,42,2011-05-18,2014-11-27,Repeat Customer,High-Value Customer,17928.0
Maya Herman,13592.0,1470.52944,35,2011-01-04,2014-12-31,Repeat Customer,Regular-Value Customer,13592.0
Meg O'Connel,18003.0,3104.0855,34,2011-02-10,2014-12-25,Repeat Customer,High-Value Customer,18003.0
Meg Tillman,15346.0,793.4146000000001,33,2011-03-29,2014-11-12,Repeat Customer,High-Value Customer,15346.0
Melanie Seite,16104.0,2060.2845,34,2011-01-10,2014-12-27,Repeat Customer,High-Value Customer,16104.0
Michael Chen,15939.0,1213.00542,35,2011-07-05,2014-12-30,Repeat Customer,High-Value Customer,15939.0
Michael Dominguez,22427.0,3772.40044,33,2011-01-18,2014-11-25,Repeat Customer,High-Value Customer,22427.0
Michael Grace,14532.0,-117.61077999999989,34,2011-02-24,2014-12-26,Repeat Customer,Regular-Value Customer,14532.0
Michael Granlund,13185.0,-999.7799,30,2011-01-05,2014-12-26,Repeat Customer,Regular-Value Customer,13185.0
Michael Kennedy,14447.0,-210.64000000000004,42,2011-01-19,2014-12-10,Repeat Customer,Regular-Value Customer,14447.0
Michael Moore,21730.0,2058.909,39,2011-01-14,2014-12-24,Repeat Customer,High-Value Customer,21730.0
Michael Nguyen,15047.0,1392.17082,27,2011-02-17,2014-12-23,Repeat Customer,Regular-Value Customer,15047.0
Michael Oakman,5464.0,286.2586,17,2011-08-17,2014-12-25,Repeat Customer,Regular-Value Customer,5464.0
Michael Paige,17796.0,1632.695,47,2011-01-22,2014-12-04,Repeat Customer,High-Value Customer,17796.0
Michael Stewart,17869.0,1247.3462000000002,32,2011-03-21,2014-12-25,Repeat Customer,High-Value Customer,17869.0
Michelle Arnett,11933.0,1102.67554,33,2011-01-20,2014-12-15,Repeat Customer,Regular-Value Customer,11933.0
Michelle Ellison,10708.0,655.2183200000001,28,2011-02-10,2014-11-19,Repeat Customer,Regular-Value Customer,10708.0
Michelle Huthwaite,12851.0,861.1837,28,2011-05-13,2014-12-17,Repeat Customer,Regular-Value Customer,12851.0
Michelle Lonsdale,10367.0,1962.8392000000001,26,2011-02-18,2014-12-24,Repeat Customer,Regular-Value Customer,10367.0
Michelle Moray,13089.0,1262.7827,33,2011-03-11,2014-12-16,Repeat Customer,Regular-Value Customer,13089.0
Michelle Tran,17779.0,-1788.0442,31,2011-06-07,2014-08-26,Repeat Customer,High-Value Customer,17779.0
Mick Brown,16451.0,2595.96358,38,2011-01-06,2014-12-20,Repeat Customer,High-Value Customer,16451.0
Mick Crebagga,12014.0,336.1498,36,2011-01-15,2014-11-20,Repeat Customer,Regular-Value Customer,12014.0
Mick Hernandez,13275.0,1488.1886,33,2011-08-06,2014-12-26,Repeat Customer,Regular-Value Customer,13275.0
Mike Caudle,9355.0,796.6315,28,2011-06-01,2014-11-10,Repeat Customer,Regular-Value Customer,9355.0
Mike Gockenbach,23378.0,6458.6762,27,2011-03-29,2014-12-29,Repeat Customer,High-Value Customer,23378.0
Mike Kennedy,12741.0,758.5966,30,2011-02-25,2014-12-09,Repeat Customer,Regular-Value Customer,12741.0
Mike Pelletier,24216.0,532.5997000000001,42,2011-03-28,2014-12-15,Repeat Customer,High-Value Customer,24216.0
Mike Vittorini,19572.0,1360.0398,38,2011-01-31,2014-12-24,Repeat Customer,High-Value Customer,19572.0
Mitch Gastineau,18010.0,1822.4352999999999,36,2011-02-23,2014-12-30,Repeat Customer,High-Value Customer,18010.0
Mitch Webber,23070.0,4086.5403,36,2011-01-24,2014-12-14,Repeat Customer,High-Value Customer,23070.0
Mitch Willingham,19008.0,145.51290000000014,30,2011-03-03,2014-12-31,Repeat Customer,High-Value Customer,19008.0
Monica Federle,21944.0,2573.3404,38,2011-06-01,2014-12-24,Repeat Customer,High-Value Customer,21944.0
Muhammed Lee,15851.0,2314.36396,35,2011-06-06,2014-12-23,Repeat Customer,High-Value Customer,15851.0
Muhammed MacIntyre,10720.0,2166.4666,35,2011-01-21,2014-12-19,Repeat Customer,Regular-Value Customer,10720.0
Muhammed Yedwab,29644.0,2642.6540800000002,39,2011-01-14,2014-12-31,Repeat Customer,High-Value Customer,29644.0
Nancy Lomonaco,10840.0,-566.9291000000001,27,2011-04-18,2014-12-06,Repeat Customer,Regular-Value Customer,10840.0
Naresj Patel,13118.0,1804.326,33,2011-03-07,2014-12-30,Repeat Customer,Regular-Value Customer,13118.0
Nat Carroll,16613.0,-460.87737999999996,31,2011-01-26,2014-12-26,Repeat Customer,High-Value Customer,16613.0
Nat Gilpin,12015.0,2806.44286,28,2011-01-03,2014-11-13,Repeat Customer,Regular-Value Customer,12015.0
Natalie DeCherney,13709.0,2620.28132,29,2011-01-14,2014-12-19,Repeat Customer,Regular-Value Customer,13709.0
Natalie Fritzler,31778.0,1542.8211000000001,43,2011-02-12,2014-12-30,Repeat Customer,High-Value Customer,31778.0
Natalie Webber,22374.0,3821.53806,33,2011-02-07,2014-09-05,Repeat Customer,High-Value Customer,22374.0
Nathan Cano,10759.0,-724.9872,24,2011-05-03,2014-11-22,Repeat Customer,Regular-Value Customer,10759.0
Nathan Gelder,22721.0,4211.22484,36,2011-03-31,2014-12-13,Repeat Customer,High-Value Customer,22721.0
Nathan Mautz,24278.0,5789.1168,41,2011-01-26,2014-12-01,Repeat Customer,High-Value Customer,24278.0
Neil Ducich,14780.0,3168.85352,32,2011-02-07,2014-12-26,Repeat Customer,Regular-Value Customer,14780.0
Neil Französisch,12649.0,2920.0567,29,2011-03-14,2014-12-25,Repeat Customer,Regular-Value Customer,12649.0
Neil Knudson,13875.0,3040.5326999999997,28,2011-06-07,2014-12-05,Repeat Customer,Regular-Value Customer,13875.0
Neola Schneider,15801.0,-687.4442600000001,30,2011-01-27,2014-12-25,Repeat Customer,High-Value Customer,15801.000000000002
Neoma Murray,13872.0,3142.6994999999997,28,2011-03-11,2014-12-12,Repeat Customer,Regular-Value Customer,13872.0
Nick Crebassa,12302.0,1335.378,29,2011-04-05,2014-12-25,Repeat Customer,Regular-Value Customer,12302.0
Nick Radford,12891.0,1669.96578,34,2011-06-07,2014-12-29,Repeat Customer,Regular-Value Customer,12891.0
Nick Zandusky,20271.0,2091.27572,30,2011-06-01,2014-10-07,Repeat Customer,High-Value Customer,20271.0
Nicole Brennan,5935.0,-691.4278,17,2011-06-27,2013-10-29,Repeat Customer,Regular-Value Customer,5935.0
Nicole Fjeld,12268.0,1371.54862,27,2011-01-08,2014-12-20,Repeat Customer,Regular-Value Customer,12268.0
Nicole Hansen,21304.0,4075.4649,28,2011-03-02,2014-12-26,Repeat Customer,High-Value Customer,21304.0
Noah Childs,17346.0,2262.91458,31,2011-04-27,2014-12-11,Repeat Customer,High-Value Customer,17346.0
Noel Staavos,16643.0,818.7196,45,2011-06-25,2014-11-25,Repeat Customer,High-Value Customer,16643.0
Nona Balk,10082.0,1453.4044999999999,27,2011-01-29,2014-12-12,Repeat Customer,Regular-Value Customer,10082.0
Nora Paige,15714.0,3035.66246,25,2011-10-28,2014-11-03,Repeat Customer,High-Value Customer,15713.999999999998
Nora Pelletier,16358.0,1559.0269,34,2011-03-07,2014-12-17,Repeat Customer,High-Value Customer,16358.0
Nora Preis,15921.0,375.5511999999999,33,2011-09-05,2014-12-03,Repeat Customer,High-Value Customer,15921.0
Odella Nelson,19273.0,2783.30724,38,2011-02-16,2014-11-14,Repeat Customer,High-Value Customer,19273.0
Olvera Toch,19759.0,1831.00136,36,2011-09-22,2014-11-28,Repeat Customer,High-Value Customer,19759.0
Pamela Coakley,11940.0,-420.10256,26,2011-04-02,2014-12-29,Repeat Customer,Regular-Value Customer,11940.0
Pamela Stobb,17635.0,1293.1114000000002,33,2011-05-10,2014-12-02,Repeat Customer,High-Value Customer,17635.0
Parhena Norris,12893.0,2205.4628199999997,38,2011-08-09,2014-12-16,Repeat Customer,Regular-Value Customer,12893.0
Patricia Hirasaki,11182.0,2743.6261,27,2011-02-22,2014-11-04,Repeat Customer,Regular-Value Customer,11182.0
Patrick Bzostek,14858.0,1743.07944,28,2011-07-19,2014-12-23,Repeat Customer,Regular-Value Customer,14858.0
Patrick Gardner,16481.0,1975.1888999999999,41,2011-01-19,2014-12-11,Repeat Customer,High-Value Customer,16481.0
Patrick Jones,14442.0,4019.1325,25,2011-05-05,2014-11-22,Repeat Customer,Regular-Value Customer,14441.999999999998
Patrick O'Brill,26712.0,3778.3637,45,2011-01-26,2014-12-27,Repeat Customer,High-Value Customer,26712.0
Patrick O'Donnell,24025.0,4618.1191,41,2011-01-10,2014-12-31,Repeat Customer,High-Value Customer,24025.0
Patrick Ryan,14330.0,409.1254200000001,34,2011-04-15,2014-12-06,Repeat Customer,Regular-Value Customer,14330.0
Paul Gonzalez,15922.0,1620.1805,34,2011-02-22,2014-12-29,Repeat Customer,High-Value Customer,15922.0
Paul Knutson,8232.0,-308.48944000000006,20,2011-04-04,2014-09-24,Repeat Customer,Regular-Value Customer,8232.0
Paul Lucas,15015.0,2006.5049,23,2011-02-10,2014-12-16,Repeat Customer,Regular-Value Customer,15015.0
Paul MacIntyre,14346.0,1178.3952,32,2011-01-10,2014-12-10,Repeat Customer,Regular-Value Customer,14346.0
Paul Prost,22247.0,2687.733,33,2011-06-03,2014-12-17,Repeat Customer,High-Value Customer,22247.0
Paul Stevenson,19620.0,1834.19372,37,2011-01-22,2014-12-04,Repeat Customer,High-Value Customer,19620.0
Paul Van Hugh,18932.0,4055.5694,34,2011-07-12,2014-12-23,Repeat Customer,High-Value Customer,18932.0
Pauline Chand,10633.0,833.3308999999999,22,2011-04-06,2014-12-10,Repeat Customer,Regular-Value Customer,10633.0
Pauline Johnson,15845.0,2102.4930600000002,30,2011-04-07,2014-12-12,Repeat Customer,High-Value Customer,15844.999999999998
Pauline Webber,13888.0,1944.80136,38,2011-01-19,2014-12-24,Repeat Customer,Regular-Value Customer,13888.0
Penelope Sewall,30083.0,4338.8111,33,2011-04-16,2014-12-11,Repeat Customer,High-Value Customer,30083.0
Pete Armstrong,10395.0,1555.35456,27,2011-02-15,2014-12-08,Repeat Customer,Regular-Value Customer,10395.0
Pete Kriz,18657.0,1664.5781,32,2011-06-25,2014-12-23,Repeat Customer,High-Value Customer,18657.0
Pete Takahito,13054.0,609.7002,30,2011-09-12,2014-12-29,Repeat Customer,Regular-Value Customer,13054.0
Peter Bühler,9897.0,1936.1847,20,2011-01-12,2014-12-31,Repeat Customer,Regular-Value Customer,9897.0
Peter Fuller,29876.0,1063.2913599999997,38,2011-03-16,2014-10-09,Repeat Customer,High-Value Customer,29876.0
Peter McVee,11288.0,1018.6375999999999,28,2011-03-11,2014-12-19,Repeat Customer,Regular-Value Customer,11288.0
Philip Brown,11386.0,1271.84916,43,2011-06-24,2014-12-26,Repeat Customer,Regular-Value Customer,11386.0
Philip Fox,18031.0,1908.8786,43,2011-01-11,2014-11-27,Repeat Customer,High-Value Customer,18031.0
Philisse Overcash,17984.0,2175.7896,33,2011-02-10,2014-12-02,Repeat Customer,High-Value Customer,17984.0
Phillina Ober,19099.0,-1026.1020199999998,29,2011-01-05,2014-11-28,Repeat Customer,High-Value Customer,19099.0
Phillip Breyer,24269.0,1403.958,34,2011-04-26,2014-12-23,Repeat Customer,High-Value Customer,24269.0
Phillip Flathmann,13392.0,940.8555000000001,37,2011-08-05,2014-12-29,Repeat Customer,Regular-Value Customer,13392.0
Pierre Wener,8422.0,1942.2988,31,2011-03-04,2014-12-30,Repeat Customer,Regular-Value Customer,8422.0
Quincy Jones,18585.0,2243.1929,28,2011-02-10,2014-12-06,Repeat Customer,High-Value Customer,18585.0
Rachel Payne,14998.0,1902.7221,32,2011-03-31,2014-12-24,Repeat Customer,Regular-Value Customer,14998.0
Ralph Arnett,23044.0,2613.0752,38,2011-03-28,2014-12-26,Repeat Customer,High-Value Customer,23044.0
Ralph Kennedy,13998.0,-1555.7894199999998,30,2011-03-21,2014-12-03,Repeat Customer,Regular-Value Customer,13998.0
Ralph Ritter,13584.0,2838.98338,25,2011-02-01,2014-12-12,Repeat Customer,Regular-Value Customer,13584.0
Randy Bradley,22898.0,4151.35242,40,2011-01-20,2014-12-16,Repeat Customer,High-Value Customer,22898.0
Randy Ferguson,16598.0,3093.9550000000004,32,2011-03-01,2014-12-25,Repeat Customer,High-Value Customer,16598.0
Raymond Buch,29601.0,8453.0495,29,2011-06-04,2014-12-11,Repeat Customer,High-Value Customer,29601.0
Raymond Messe,18317.0,1855.40302,32,2011-04-25,2014-12-22,Repeat Customer,High-Value Customer,18317.0
Resi Pölking,22053.0,1068.3838,41,2011-01-29,2014-12-16,Repeat Customer,High-Value Customer,22053.0
Ricardo Emerson,14039.0,2643.68018,27,2011-03-15,2014-12-03,Repeat Customer,Regular-Value Customer,14039.0
Ricardo Sperren,14432.0,1823.65088,35,2011-01-10,2014-11-28,Repeat Customer,Regular-Value Customer,14432.0
Richard Bierner,14797.0,-1125.65658,34,2011-01-18,2014-12-12,Repeat Customer,Regular-Value Customer,14797.0
Richard Eichhorn,16340.0,2391.41164,30,2011-06-03,2014-12-16,Repeat Customer,High-Value Customer,16339.999999999998
Rick Bensley,20854.0,4066.46,39,2011-03-14,2014-12-31,Repeat Customer,High-Value Customer,20854.0
Rick Duston,17546.0,3587.4449,33,2011-06-08,2014-12-31,Repeat Customer,High-Value Customer,17546.0
Rick Hansen,16356.0,1850.8903,31,2011-05-02,2014-12-07,Repeat Customer,High-Value Customer,16356.0
Rick Huthwaite,13438.0,1664.66446,32,2011-02-22,2014-12-11,Repeat Customer,Regular-Value Customer,13438.0
Rick Reed,16382.0,-47.98279999999996,34,2011-03-12,2014-12-31,Repeat Customer,High-Value Customer,16382.0
Rick Wilson,25125.0,5177.4288,32,2011-02-22,2014-12-05,Repeat Customer,High-Value Customer,25125.0
Ritsa Hightower,17695.0,2002.8037,29,2011-07-19,2014-12-24,Repeat Customer,High-Value Customer,17695.0
Rob Beeghly,11549.0,1495.9239,30,2011-10-12,2014-12-11,Repeat Customer,Regular-Value Customer,11549.0
Rob Dowd,21482.0,3919.9697,38,2011-04-02,2014-12-06,Repeat Customer,High-Value Customer,21482.0
Rob Haberlin,7970.0,1222.37166,29,2011-06-02,2014-12-25,Repeat Customer,Regular-Value Customer,7970.000000000001
Rob Lucas,17289.0,2703.98888,31,2011-02-26,2014-09-02,Repeat Customer,High-Value Customer,17289.0
Rob Williams,9988.0,2252.2208,28,2011-02-16,2014-10-15,Repeat Customer,Regular-Value Customer,9988.0
Robert Barroso,6256.0,640.1234,25,2011-08-23,2014-08-03,Repeat Customer,Regular-Value Customer,6256.0
Robert Dilbeck,16344.0,3965.8731,30,2011-01-06,2014-12-04,Repeat Customer,High-Value Customer,16343.999999999998
Robert Marley,12868.0,2542.2423,27,2011-11-02,2014-12-27,Repeat Customer,Regular-Value Customer,12868.0
Robert Waldorf,12596.0,2137.0023,33,2011-06-03,2014-12-16,Repeat Customer,Regular-Value Customer,12596.0
Roger Barcio,15304.0,2879.5411,28,2011-03-03,2014-12-15,Repeat Customer,High-Value Customer,15304.0
Roger Demir,14738.0,3037.0109,38,2011-01-13,2014-12-10,Repeat Customer,Regular-Value Customer,14738.0
Roland Fjeld,13090.0,1123.5285,26,2011-02-23,2014-12-30,Repeat Customer,Regular-Value Customer,13090.0
Roland Murray,7403.0,1250.33376,26,2011-03-31,2014-12-15,Repeat Customer,Regular-Value Customer,7403.0
Roland Schwarz,15108.0,3472.16638,31,2011-04-07,2014-11-25,Repeat Customer,Regular-Value Customer,15108.0
Rose O'Brian,21912.0,868.8818999999999,38,2011-02-25,2014-12-27,Repeat Customer,High-Value Customer,21912.0
Ross Baird,19314.0,2350.5301400000003,40,2011-01-15,2014-12-01,Repeat Customer,High-Value Customer,19314.0
Ross DeVincentis,10302.0,1939.89446,37,2011-06-09,2014-12-17,Repeat Customer,Regular-Value Customer,10302.0
Roy Collins,7956.0,737.7457,26,2011-01-11,2014-09-04,Repeat Customer,Regular-Value Customer,7956.0
Roy Französisch,15652.0,2841.73178,37,2011-04-27,2014-12-25,Repeat Customer,High-Value Customer,15652.0
Roy Phan,14610.0,138.85420000000005,33,2011-01-12,2014-12-10,Repeat Customer,Regular-Value Customer,14610.0
Roy Skaria,8121.0,1463.42858,28,2011-06-03,2014-12-12,Repeat Customer,Regular-Value Customer,8121.0
Ruben Ausman,15939.0,3320.46868,31,2011-04-08,2014-11-18,Repeat Customer,High-Value Customer,15938.999999999998
Ruben Dartt,18320.0,3330.6742,39,2011-01-20,2014-11-29,Repeat Customer,High-Value Customer,18320.0
Russell Applegate,21398.0,2164.19772,29,2011-01-04,2014-12-19,Repeat Customer,High-Value Customer,21398.0
Russell D'Ascenzo,15819.0,1230.36572,33,2011-03-06,2014-12-03,Repeat Customer,High-Value Customer,15819.0
Ryan Akin,13742.0,896.7278,32,2011-01-27,2014-12-30,Repeat Customer,Regular-Value Customer,13742.0
Ryan Crowe,9539.0,2124.0154,27,2011-01-21,2014-12-09,Repeat Customer,Regular-Value Customer,9539.0
Sally Hughsby,18951.0,1795.36144,37,2011-01-21,2014-12-06,Repeat Customer,High-Value Customer,18951.0
Sally Knutson,13292.0,2975.51382,26,2011-06-30,2014-12-23,Repeat Customer,Regular-Value Customer,13292.0
Sally Matthias,13063.0,1528.3608,30,2011-06-13,2014-09-18,Repeat Customer,Regular-Value Customer,13063.0
Sam Craven,11056.0,1116.0096,38,2011-02-21,2014-12-23,Repeat Customer,Regular-Value Customer,11056.000000000002
Sam Zeldin,16361.0,2915.8473,41,2011-02-22,2014-12-18,Repeat Customer,High-Value Customer,16361.0
Sample Company A,19129.0,18.425320000000013,37,2011-01-09,2014-11-21,Repeat Customer,High-Value Customer,19129.0
Sandra Flanagan,11259.0,1865.6513,29,2011-03-03,2014-11-03,Repeat Customer,Regular-Value Customer,11259.0
Sandra Glassco,11853.0,2883.7084,23,2011-05-14,2014-12-28,Repeat Customer,Regular-Value Customer,11853.0
Sanjit Chand,26524.0,8205.3799,35,2011-02-13,2014-10-17,Repeat Customer,High-Value Customer,26524.0
Sanjit Engle,30143.0,6015.78392,39,2011-04-11,2014-12-22,Repeat Customer,High-Value Customer,30143.0
Sanjit Jacobs,13521.0,1828.0039,39,2011-01-10,2014-11-29,Repeat Customer,Regular-Value Customer,13521.0
Saphhira Shifley,23632.0,-612.3282600000003,39,2011-03-09,2014-12-16,Repeat Customer,High-Value Customer,23631.999999999996
Sara Luxemburg,16827.0,1899.9305000000002,46,2011-04-20,2014-12-02,Repeat Customer,High-Value Customer,16827.0
Sarah Bern,14603.0,2366.9597999999996,20,2011-06-06,2014-12-29,Repeat Customer,Regular-Value Customer,14603.0
Sarah Brown,22300.0,1668.65412,38,2011-02-28,2014-10-18,Repeat Customer,High-Value Customer,22300.0
Sarah Foster,15659.0,829.7639999999999,36,2011-01-31,2014-12-26,Repeat Customer,High-Value Customer,15659.0
Sarah Jordon,16070.0,2511.86098,41,2011-02-21,2014-12-03,Repeat Customer,High-Value Customer,16070.0
Scot Coram,22129.0,3071.368,28,2011-03-03,2014-12-15,Repeat Customer,High-Value Customer,22129.0
Scot Wooten,15479.0,1948.35962,30,2011-04-14,2014-12-19,Repeat Customer,High-Value Customer,15479.0
Scott Cohen,12537.0,1222.6707999999999,33,2011-03-28,2014-12-31,Repeat Customer,Regular-Value Customer,12537.0
Scott Williamson,17044.0,1044.1871999999998,38,2011-02-07,2014-12-10,Repeat Customer,High-Value Customer,17044.0
Sean Braxton,20514.0,-1896.9793,27,2011-05-09,2014-11-20,Repeat Customer,High-Value Customer,20514.0
Sean Christensen,20907.0,462.27869999999996,33,2011-10-18,2014-12-15,Repeat Customer,High-Value Customer,20907.0
Sean Miller,35170.0,-409.70634000000007,28,2011-03-18,2014-12-10,Repeat Customer,High-Value Customer,35170.0
Sean O'Donnell,16366.0,2407.04362,31,2011-04-22,2014-12-02,Repeat Customer,High-Value Customer,16365.999999999998
Sean Wendt,8168.0,1031.54774,30,2011-03-29,2014-12-19,Repeat Customer,Regular-Value Customer,8168.0
Seth Vernon,23640.0,2222.7536800000003,36,2011-01-12,2014-10-05,Repeat Customer,High-Value Customer,23640.0
Shahid Collister,17678.0,1692.37974,41,2011-03-01,2014-12-01,Repeat Customer,High-Value Customer,17678.0
Shahid Hopkins,12979.0,1059.23294,37,2011-01-06,2014-12-08,Repeat Customer,Regular-Value Customer,12979.0
Shahid Shariari,18107.0,131.5111800000001,37,2011-05-30,2014-12-05,Repeat Customer,High-Value Customer,18107.0
Sharelle Roach,13005.0,-2551.18846,24,2011-01-14,2014-12-23,Repeat Customer,Regular-Value Customer,13005.0
Shaun Chance,9610.0,357.01936,29,2011-01-12,2014-12-22,Repeat Customer,Regular-Value Customer,9610.0
Shaun Weien,8247.0,1163.569,31,2011-01-05,2014-12-24,Repeat Customer,Regular-Value Customer,8247.0
Sheri Gordon,13818.0,2338.9888,31,2011-03-12,2014-10-02,Repeat Customer,Regular-Value Customer,13818.0
Shirley Daniels,17959.0,3647.2210999999998,40,2011-01-17,2014-12-16,Repeat Customer,High-Value Customer,17959.0
Shirley Jackson,13385.0,1581.8093,29,2011-01-24,2014-07-09,Repeat Customer,Regular-Value Customer,13385.0
Shirley Schmidt,7903.0,416.34612,22,2011-07-14,2014-12-31,Repeat Customer,Regular-Value Customer,7903.0
Shui Tom,15006.0,2234.10296,38,2011-02-09,2014-12-25,Repeat Customer,Regular-Value Customer,15006.0
Sibella Parks,7221.0,749.227,24,2011-08-17,2014-12-15,Repeat Customer,Regular-Value Customer,7221.0
Skye Norling,14225.0,-2637.9805,31,2011-02-18,2014-12-18,Repeat Customer,Regular-Value Customer,14225.0
Sonia Cooley,10012.0,938.0015999999999,35,2011-05-21,2014-12-04,Repeat Customer,Regular-Value Customer,10012.0
Sonia Sunley,13118.0,2370.1265,29,2011-08-05,2014-12-26,Repeat Customer,Regular-Value Customer,13118.0
Speros Goranitis,12948.0,1541.10256,38,2011-01-24,2014-10-17,Repeat Customer,Regular-Value Customer,12948.0
Stefania Perrino,19418.0,17.04149999999992,36,2011-06-20,2014-12-26,Repeat Customer,High-Value Customer,19418.0
Stefanie Holloman,14205.0,1978.1796000000002,29,2011-04-20,2014-12-01,Repeat Customer,Regular-Value Customer,14205.0
Stephanie Phelps,11151.0,1682.80564,30,2011-02-01,2014-12-11,Repeat Customer,Regular-Value Customer,11151.0
Stephanie Ulpright,10779.0,510.2519,29,2011-06-07,2014-12-27,Repeat Customer,Regular-Value Customer,10779.0
Steve Carroll,19823.0,1708.7930800000001,35,2011-01-11,2014-12-10,Repeat Customer,High-Value Customer,19823.0
Steve Chapman,23401.0,2165.6836,39,2011-05-05,2014-12-22,Repeat Customer,High-Value Customer,23401.0
Steve Nguyen,13404.0,2384.85126,28,2011-01-14,2014-11-17,Repeat Customer,Regular-Value Customer,13404.0
Steven Cartwright,16918.0,2066.03938,37,2011-06-03,2014-12-24,Repeat Customer,High-Value Customer,16918.0
Steven Roelle,19374.0,4387.3584,37,2011-02-21,2014-12-10,Repeat Customer,High-Value Customer,19374.0
Steven Ward,25669.0,2794.7316,38,2011-06-02,2014-12-16,Repeat Customer,High-Value Customer,25669.0
Stewart Carmichael,16529.0,318.0876800000001,39,2011-03-11,2014-11-21,Repeat Customer,High-Value Customer,16529.0
Stewart Visinsky,17232.0,2182.7873,34,2011-01-03,2014-12-10,Repeat Customer,High-Value Customer,17232.0
Stuart Calhoun,11409.0,1276.3538,26,2011-01-13,2014-12-01,Repeat Customer,Regular-Value Customer,11409.0
Stuart Van,22308.0,978.6733800000001,33,2011-06-22,2014-12-23,Repeat Customer,High-Value Customer,22308.0
Sue Ann Reed,16494.0,1354.7027600000001,40,2011-01-25,2014-12-21,Repeat Customer,High-Value Customer,16494.0
Sung Chung,11265.0,1696.6987199999999,28,2011-06-07,2014-12-23,Repeat Customer,Regular-Value Customer,11265.0
Sung Pak,13496.0,1750.68106,28,2011-02-11,2014-11-07,Repeat Customer,Regular-Value Customer,13496.0
Sung Shariari,5331.0,-559.9772,25,2011-01-22,2014-12-17,Repeat Customer,Regular-Value Customer,5331.0
Susan Gilcrest,12686.0,541.3085599999999,28,2011-03-30,2014-12-15,Repeat Customer,Regular-Value Customer,12686.0
Susan MacKendrick,8634.0,1528.2749000000001,22,2011-02-07,2014-11-24,Repeat Customer,Regular-Value Customer,8634.0
Susan Pistek,29020.0,6484.40726,32,2011-09-08,2014-12-25,Repeat Customer,High-Value Customer,29020.0
Susan Vittorini,15689.0,668.4789000000001,31,2011-03-16,2014-12-31,Repeat Customer,High-Value Customer,15689.0
Suzanne McNair,12888.0,1170.85834,38,2011-01-20,2014-12-06,Repeat Customer,Regular-Value Customer,12888.0
Sylvia Foulston,9257.0,1895.183,23,2011-08-17,2014-11-13,Repeat Customer,Regular-Value Customer,9257.0
Tamara Chand,37453.0,8672.8989,36,2011-05-06,2014-12-04,Repeat Customer,High-Value Customer,37453.0
Tamara Dahlen,7704.0,-948.1228,28,2011-05-19,2014-12-31,Repeat Customer,Regular-Value Customer,7704.000000000001
Tamara Manning,14461.0,1928.1339,30,2011-02-22,2014-10-28,Repeat Customer,Regular-Value Customer,14461.0
Tamara Willingham,14256.0,3275.0801,35,2011-01-17,2014-12-12,Repeat Customer,Regular-Value Customer,14256.0
Tanja Norvell,9595.0,-706.1821600000001,31,2011-01-11,2014-12-09,Repeat Customer,Regular-Value Customer,9595.0
Ted Butterfield,16030.0,1559.26902,32,2011-01-14,2014-11-26,Repeat Customer,High-Value Customer,16030.0
Ted Trevino,17245.0,2320.3586,33,2011-04-26,2014-12-17,Repeat Customer,High-Value Customer,17245.0
Thais Sissman,6787.0,1109.5608,27,2011-03-03,2014-11-20,Repeat Customer,Regular-Value Customer,6787.0
Thea Hendricks,15541.0,1952.4961,31,2011-03-26,2014-12-25,Repeat Customer,High-Value Customer,15541.0
Thea Hudgings,15353.0,2265.68778,31,2011-04-05,2014-11-18,Repeat Customer,High-Value Customer,15353.0
Theone Pippenger,23965.0,2073.88638,43,2011-10-15,2014-12-29,Repeat Customer,High-Value Customer,23965.0
Theresa Coyne,22219.0,3359.81226,35,2011-09-27,2014-12-20,Repeat Customer,High-Value Customer,22219.0
Theresa Swint,7936.0,1134.0224,27,2011-02-03,2014-12-23,Repeat Customer,Regular-Value Customer,7936.0
Thomas Boland,17427.0,2286.4019,31,2011-08-12,2014-11-22,Repeat Customer,High-Value Customer,17427.0
Thomas Brumley,11805.0,2052.3113200000003,21,2011-03-25,2014-11-12,Repeat Customer,Regular-Value Customer,11805.0
Thomas Seio,14530.0,2349.54862,35,2011-01-12,2014-12-05,Repeat Customer,Regular-Value Customer,14530.0
Thomas Thornton,15055.0,1661.20726,31,2011-06-20,2014-12-26,Repeat Customer,Regular-Value Customer,15055.0
Tiffany House,16804.0,1656.2869999999998,36,2011-01-10,2014-12-23,Repeat Customer,High-Value Customer,16804.0
Tim Brockman,19103.0,3065.7062,43,2011-08-25,2014-12-30,Repeat Customer,High-Value Customer,19103.0
Tim Taslimi,9780.0,1284.8362,29,2011-05-09,2014-12-30,Repeat Customer,Regular-Value Customer,9780.0
Toby Braunhardt,11699.0,1247.46136,35,2011-01-01,2014-11-04,Repeat Customer,Regular-Value Customer,11699.0
Toby Carlisle,20126.0,1497.4768000000001,34,2011-02-14,2014-12-19,Repeat Customer,High-Value Customer,20126.0
Toby Gnade,13021.0,2986.457,35,2011-02-14,2014-12-17,Repeat Customer,Regular-Value Customer,13021.0
Toby Ritter,12427.0,2436.90546,26,2011-01-20,2014-12-30,Repeat Customer,Regular-Value Customer,12427.0
Toby Swindell,18632.0,2602.96458,36,2011-01-20,2014-12-23,Repeat Customer,High-Value Customer,18632.0
Todd Boyes,9647.0,772.014,28,2011-06-07,2014-12-17,Repeat Customer,Regular-Value Customer,9647.0
Todd Sumrall,27775.0,5093.9654,37,2011-01-27,2014-12-13,Repeat Customer,High-Value Customer,27774.999999999996
Tom Ashbrook,40489.0,6311.9791,30,2011-06-28,2014-12-23,Repeat Customer,High-Value Customer,40489.0
Tom Boeckenhauer,24480.0,4196.3499,35,2011-01-22,2014-12-06,Repeat Customer,High-Value Customer,24480.0
Tom Prescott,12874.0,346.1872200000001,26,2011-02-09,2014-11-13,Repeat Customer,Regular-Value Customer,12874.0
Tom Stivers,15345.0,2364.9883,29,2011-02-04,2014-12-12,Repeat Customer,High-Value Customer,15345.0
Tom Zandusky,15348.0,367.4914000000001,35,2011-03-12,2014-12-23,Repeat Customer,High-Value Customer,15348.0
Tonja Turnell,20085.0,2230.7893599999998,40,2011-03-10,2014-12-19,Repeat Customer,High-Value Customer,20085.0
Tony Chapman,12633.0,1401.12856,38,2011-05-06,2014-12-30,Repeat Customer,Regular-Value Customer,12633.000000000002
Tony Molinari,15973.0,1500.9713,35,2011-04-02,2014-11-21,Repeat Customer,High-Value Customer,15973.0
Tony Sayre,19734.0,2149.3462,31,2011-03-23,2014-12-20,Repeat Customer,High-Value Customer,19734.0
Tracy Blumstein,20704.0,257.36161999999985,45,2011-05-07,2014-12-13,Repeat Customer,High-Value Customer,20704.0
Tracy Collins,11099.0,382.99710000000005,34,2011-09-08,2014-12-31,Repeat Customer,Regular-Value Customer,11099.0
Tracy Hopkins,13095.0,-733.7475000000003,31,2011-02-25,2014-12-26,Repeat Customer,Regular-Value Customer,13095.0
Tracy Poddar,13289.0,1795.66,35,2011-02-15,2014-12-17,Repeat Customer,Regular-Value Customer,13289.0
Tracy Zic,10860.0,-80.11549999999995,24,2011-02-16,2014-11-26,Repeat Customer,Regular-Value Customer,10860.0
Troy Blackwell,9187.0,1438.6508999999999,30,2011-02-19,2014-12-03,Repeat Customer,Regular-Value Customer,9187.0
Troy Staebel,22579.0,1719.5679,35,2011-01-31,2014-12-11,Repeat Customer,High-Value Customer,22579.0
Trudy Brown,15078.0,1500.6631,36,2011-02-15,2014-12-01,Repeat Customer,Regular-Value Customer,15078.0
Trudy Glocke,18883.0,3096.2398,42,2011-03-31,2014-12-26,Repeat Customer,High-Value Customer,18883.0
Trudy Schmidt,9980.0,1025.6195,30,2011-08-25,2014-10-08,Repeat Customer,Regular-Value Customer,9980.0
Valerie Dominguez,15987.0,2031.9158,30,2011-05-02,2014-12-31,Repeat Customer,High-Value Customer,15987.0
Valerie Mitchum,14567.0,-1645.79878,38,2011-03-25,2014-12-18,Repeat Customer,Regular-Value Customer,14567.0
Valerie Takahito,19368.0,1090.7832,32,2011-06-06,2014-12-24,Repeat Customer,High-Value Customer,19368.0
Vicky Freymann,12600.0,26.11299999999992,28,2011-03-01,2014-12-18,Repeat Customer,Regular-Value Customer,12600.0
Victor Preis,12063.0,2232.7958,33,2011-06-09,2014-12-03,Repeat Customer,Regular-Value Customer,12063.0
Victoria Brennan,10745.0,908.5638,25,2011-06-27,2014-12-27,Repeat Customer,Regular-Value Customer,10745.0
Victoria Pisteka,18554.0,2390.8627,31,2011-04-01,2014-10-17,Repeat Customer,High-Value Customer,18554.0
Victoria Wilson,17039.0,294.38090000000005,35,2011-05-11,2014-12-25,Repeat Customer,High-Value Customer,17039.0
Vivek Gonzalez,10296.0,-364.4246999999999,31,2011-01-18,2014-09-12,Repeat Customer,Regular-Value Customer,10296.0
Vivek Grady,23767.0,4046.90616,27,2011-06-16,2014-12-29,Repeat Customer,High-Value Customer,23767.0
Vivek Sundaresam,11413.0,1586.6187,22,2011-01-08,2014-12-09,Repeat Customer,Regular-Value Customer,11413.0
Vivian Mathis,3891.0,656.9143,23,2011-01-17,2014-12-23,Repeat Customer,Regular-Value Customer,3891.0
William Brown,16886.0,2547.9023,40,2011-05-16,2014-12-11,Repeat Customer,High-Value Customer,16886.0
Xylona Preis,12202.0,1304.7226,30,2011-01-21,2014-11-18,Repeat Customer,Regular-Value Customer,12202.0
Yana Sorensen,20034.0,3450.4063,32,2011-03-03,2014-12-27,Repeat Customer,High-Value Customer,20034.0
Yoseph Carroll,20165.0,4347.1766,31,2011-02-09,2014-12-27,Repeat Customer,High-Value Customer,20165.0
Zuschuss Carroll,28485.0,436.93626,38,2011-09-23,2014-12-28,Repeat Customer,High-Value Customer,28484.999999999996
Zuschuss Donatelli,12434.0,201.73710000000005,29,2011-02-21,2014-12-30,Repeat Customer,Regular-Value Customer,12434.0
