date,predicted_revenue
2015-01-01,16066.9
2015-01-02,16433.09
2015-01-03,16480.83
2015-01-04,16487.05
2015-01-05,16487.86
2015-01-06,16487.97
2015-01-07,16487.98
2015-01-08,16487.99
2015-01-09,16487.99
2015-01-10,16487.99
2015-01-11,16487.99
2015-01-12,16487.99
2015-01-13,16487.99
2015-01-14,16487.99
2015-01-15,16487.99
2015-01-16,16487.99
2015-01-17,16487.99
2015-01-18,16487.99
2015-01-19,16487.99
2015-01-20,16487.99
2015-01-21,16487.99
2015-01-22,16487.99
2015-01-23,16487.99
2015-01-24,16487.99
2015-01-25,16487.99
2015-01-26,16487.99
2015-01-27,16487.99
2015-01-28,16487.99
2015-01-29,16487.99
2015-01-30,16487.99
