customer_name,total_sales,total_profit,number_of_orders,risk_percentage,risk_level,retention_strategy
Vivek Gonzalez,10296.0,-364.4246999999999,31,100.0,High Risk,Personalized offer and priority customer follow-up
Amy Hunt,9202.0,718.3349800000001,24,100.0,High Risk,Personalized offer and priority customer follow-up
Speros Goranitis,12948.0,1541.10256,38,100.0,High Risk,Personalized offer and priority customer follow-up
Sheri Gordon,13818.0,2338.9888,31,100.0,High Risk,Personalized offer and priority customer follow-up
Roy Collins,7956.0,737.7457,26,100.0,High Risk,Personalized offer and priority customer follow-up
Sanjit Chand,26524.0,8205.3799,35,100.0,High Risk,Personalized offer and priority customer follow-up
Sally Matthias,13063.0,1528.3608,30,100.0,High Risk,Personalized offer and priority customer follow-up
Sarah Brown,22300.0,1668.65412,38,100.0,High Risk,Personalized offer and priority customer follow-up
Seth Vernon,23640.0,2222.7536800000003,36,100.0,High Risk,Personalized offer and priority customer follow-up
Paul Knutson,8232.0,-308.48944000000006,20,100.0,High Risk,Personalized offer and priority customer follow-up
Nick Zandusky,20271.0,2091.27572,30,100.0,High Risk,Personalized offer and priority customer follow-up
Matt Abelman,12447.0,519.90348,28,100.0,High Risk,Personalized offer and priority customer follow-up
Michelle Tran,17779.0,-1788.0442,31,100.0,High Risk,Personalized offer and priority customer follow-up
Peter Fuller,29876.0,1063.2913599999997,38,100.0,High Risk,Personalized offer and priority customer follow-up
Rob Lucas,17289.0,2703.98888,31,100.0,High Risk,Personalized offer and priority customer follow-up
Rob Williams,9988.0,2252.2208,28,100.0,High Risk,Personalized offer and priority customer follow-up
Robert Barroso,6256.0,640.1234,25,100.0,High Risk,Personalized offer and priority customer follow-up
Cynthia Arntzen,19834.0,3891.2644999999998,30,100.0,High Risk,Personalized offer and priority customer follow-up
Cynthia Delaney,14500.0,2154.3026999999997,32,100.0,High Risk,Personalized offer and priority customer follow-up
Charles Crestani,13350.0,1307.7991,30,100.0,High Risk,Personalized offer and priority customer follow-up
Craig Yedwab,14220.0,1542.243,35,100.0,High Risk,Personalized offer and priority customer follow-up
Victoria Pisteka,18554.0,2390.8627,31,100.0,High Risk,Personalized offer and priority customer follow-up
Trudy Schmidt,9980.0,1025.6195,30,100.0,High Risk,Personalized offer and priority customer follow-up
Cathy Hwang,15667.0,2671.50966,29,100.0,High Risk,Personalized offer and priority customer follow-up
Cathy Prescott,19770.0,1750.5737,33,100.0,High Risk,Personalized offer and priority customer follow-up
Julie Kriz,15648.0,1894.19924,32,100.0,High Risk,Personalized offer and priority customer follow-up
Julia Dunbar,11228.0,564.90306,28,100.0,High Risk,Personalized offer and priority customer follow-up
John Murray,22386.0,2318.1149,35,100.0,High Risk,Personalized offer and priority customer follow-up
Ken Dana,12553.0,1750.72552,27,100.0,High Risk,Personalized offer and priority customer follow-up
Logan Haushalter,17288.0,1519.531,37,100.0,High Risk,Personalized offer and priority customer follow-up
Kristina Nunn,10715.0,1698.5085000000001,24,100.0,High Risk,Personalized offer and priority customer follow-up
Arthur Prichep,18546.0,3137.6156,37,100.0,High Risk,Personalized offer and priority customer follow-up
Mathew Reese,21575.0,3711.2306,29,100.0,High Risk,Personalized offer and priority customer follow-up
Evan Henry,16377.0,2281.5105200000003,37,100.0,High Risk,Personalized offer and priority customer follow-up
Jason Klamczynski,17200.0,2022.38702,31,100.0,High Risk,Personalized offer and priority customer follow-up
Gene McClure,11003.0,1553.25212,28,100.0,High Risk,Personalized offer and priority customer follow-up
Erin Ashbrook,11521.0,868.06012,34,100.0,High Risk,Personalized offer and priority customer follow-up
Jamie Kunitz,12533.0,2763.7822,29,100.0,High Risk,Personalized offer and priority customer follow-up
Nicole Brennan,5935.0,-691.4278,17,99.5,High Risk,Personalized offer and priority customer follow-up
Paul Stevenson,17422.0,1661.66372,35,58.5,Medium Risk,Targeted discount and product recommendations
Corey Roper,21515.0,2305.26608,36,56.0,Medium Risk,Targeted discount and product recommendations
Thomas Seio,14446.0,2346.24862,34,55.0,Medium Risk,Targeted discount and product recommendations
Catherine Glotzbach,3900.0,-286.5777,20,54.0,Medium Risk,Targeted discount and product recommendations
Paul Prost,20104.0,2064.3810000000003,30,45.5,Medium Risk,Targeted discount and product recommendations
Rose O'Brian,20656.0,1026.4533,36,44.5,Medium Risk,Targeted discount and product recommendations
David Bremer,5933.0,-2297.7017,17,41.0,Medium Risk,Targeted discount and product recommendations
Tamara Manning,14461.0,1928.1339,30,40.0,Medium Risk,Targeted discount and product recommendations
Meg O'Connel,15418.0,2805.0845,30,37.0,Medium Risk,Targeted discount and product recommendations
Arthur Gainer,19493.0,2118.0211600000002,31,37.0,Medium Risk,Targeted discount and product recommendations
David Smith,13562.0,1697.4881,31,36.5,Medium Risk,Targeted discount and product recommendations
Jonathan Doherty,18832.0,2008.94702,35,36.0,Medium Risk,Targeted discount and product recommendations
Sean O'Donnell,16182.0,2347.03822,30,35.0,Medium Risk,Targeted discount and product recommendations
Aaron Hawkins,19149.0,1907.87104,32,35.0,Medium Risk,Targeted discount and product recommendations
Frank Gastineau,9231.0,1010.6913,25,34.5,Medium Risk,Targeted discount and product recommendations
Alan Schoenberger,18414.0,2362.8238,31,32.5,Medium Risk,Targeted discount and product recommendations
Joel Jenkins,19105.0,2055.41628,30,31.5,Medium Risk,Targeted discount and product recommendations
Dennis Kane,19383.0,2888.1223,32,31.0,Medium Risk,Targeted discount and product recommendations
Philisse Overcash,17941.0,2163.0996,32,30.5,Medium Risk,Targeted discount and product recommendations
Erin Smith,17989.0,2198.7637,32,30.0,Low Risk,Regular engagement and loyalty rewards
Jim Sink,15179.0,2306.5001,29,29.5,Low Risk,Regular engagement and loyalty rewards
Justin Deggeller,18772.0,2940.02898,31,29.0,Low Risk,Regular engagement and loyalty rewards
Jeremy Ellison,6535.0,1267.1037,26,29.0,Low Risk,Regular engagement and loyalty rewards
Denise Leinenbach,17673.0,2682.7498,34,29.0,Low Risk,Regular engagement and loyalty rewards
Erica Bern,13648.0,2518.5506,36,28.0,Low Risk,Regular engagement and loyalty rewards
Maria Etezadi,20869.0,2760.3095,31,27.5,Low Risk,Regular engagement and loyalty rewards
Cindy Chapman,19340.0,3812.0548599999997,34,27.0,Low Risk,Regular engagement and loyalty rewards
Ralph Arnett,22683.0,2565.7226,35,27.0,Low Risk,Regular engagement and loyalty rewards
Joy Bell-,23490.0,2843.7108200000002,36,27.0,Low Risk,Regular engagement and loyalty rewards
Henry MacAllister,15682.0,2286.8190999999997,30,27.0,Low Risk,Regular engagement and loyalty rewards
Michelle Ellison,10664.0,636.49832,27,27.0,Low Risk,Regular engagement and loyalty rewards
Ken Brennan,10208.0,672.4572999999999,30,26.5,Low Risk,Regular engagement and loyalty rewards
Shirley Schmidt,7373.0,236.10611999999998,21,26.5,Low Risk,Regular engagement and loyalty rewards
Alejandro Savely,18876.0,2351.4827,38,26.5,Low Risk,Regular engagement and loyalty rewards
Jennifer Jackson,10495.0,1537.9912,23,26.0,Low Risk,Regular engagement and loyalty rewards
Saphhira Shifley,23560.0,-640.5274600000004,37,26.0,Low Risk,Regular engagement and loyalty rewards
Paul MacIntyre,12891.0,823.6812,28,26.0,Low Risk,Regular engagement and loyalty rewards
MaryBeth Skach,14379.0,1970.66316,30,26.0,Low Risk,Regular engagement and loyalty rewards
Sung Shariari,5293.0,-562.9772,24,25.5,Low Risk,Regular engagement and loyalty rewards
Kalyca Meade,7856.0,183.64150000000006,17,25.5,Low Risk,Regular engagement and loyalty rewards
Darrin Martin,16345.0,1996.1361,27,25.5,Low Risk,Regular engagement and loyalty rewards
Bradley Drucker,12559.0,2354.3822,28,25.5,Low Risk,Regular engagement and loyalty rewards
Katrina Edelman,13274.0,1304.9367200000002,33,25.0,Low Risk,Regular engagement and loyalty rewards
Katherine Hughes,10061.0,1269.4336,31,25.0,Low Risk,Regular engagement and loyalty rewards
Steve Carroll,19092.0,1564.74108,32,25.0,Low Risk,Regular engagement and loyalty rewards
Jason Fortune-,22645.0,2661.5493,31,24.5,Low Risk,Regular engagement and loyalty rewards
Ivan Gibson,15313.0,1796.90418,32,24.5,Low Risk,Regular engagement and loyalty rewards
Pauline Chand,7823.0,517.0824,19,24.0,Low Risk,Regular engagement and loyalty rewards
Ricardo Sperren,14415.0,1821.58088,34,24.0,Low Risk,Regular engagement and loyalty rewards
Brian Stugart,22504.0,3605.7237999999998,29,23.5,Low Risk,Regular engagement and loyalty rewards
Steven Ward,24431.0,2642.4755999999998,34,23.5,Low Risk,Regular engagement and loyalty rewards
Giulietta Dortch,18675.0,1887.3401,31,23.0,Low Risk,Regular engagement and loyalty rewards
Eleni McCrary,14544.0,1986.49954,28,23.0,Low Risk,Regular engagement and loyalty rewards
Thea Hudgings,14079.0,2670.34468,29,22.5,Low Risk,Regular engagement and loyalty rewards
Bill Overfelt,7903.0,378.07970000000006,25,22.5,Low Risk,Regular engagement and loyalty rewards
Tracy Zic,10629.0,120.19690000000006,21,22.5,Low Risk,Regular engagement and loyalty rewards
Adam Hart,17764.0,1479.4858199999999,36,22.5,Low Risk,Regular engagement and loyalty rewards
Angele Hood,11341.0,1605.0771,30,22.5,Low Risk,Regular engagement and loyalty rewards
Natalie Fritzler,27640.0,1343.3031000000003,38,22.5,Low Risk,Regular engagement and loyalty rewards
Elizabeth Moffitt,14015.0,1932.63596,31,22.5,Low Risk,Regular engagement and loyalty rewards
Edward Nazzal,6221.0,427.2056,25,22.5,Low Risk,Regular engagement and loyalty rewards
Todd Boyes,9452.0,844.763,26,22.5,Low Risk,Regular engagement and loyalty rewards
Brad Norvell,23260.0,1662.71738,31,22.0,Low Risk,Regular engagement and loyalty rewards
Sibella Parks,5432.0,453.65500000000003,19,22.0,Low Risk,Regular engagement and loyalty rewards
Nathan Cano,8967.0,1604.6826,22,21.5,Low Risk,Regular engagement and loyalty rewards
Lisa Ryan,16685.0,2196.4083,32,21.5,Low Risk,Regular engagement and loyalty rewards
Emily Burns,6407.0,-39.129799999999975,22,21.5,Low Risk,Regular engagement and loyalty rewards
Jill Fjeld,19868.0,3683.09906,30,21.5,Low Risk,Regular engagement and loyalty rewards
Dean Katz,9927.0,947.6995,33,21.5,Low Risk,Regular engagement and loyalty rewards
Beth Fritzler,7102.0,119.02964000000003,24,21.5,Low Risk,Regular engagement and loyalty rewards
Alex Russell,16232.0,2436.4148,34,21.0,Low Risk,Regular engagement and loyalty rewards
Sample Company A,18876.0,-23.218279999999986,35,21.0,Low Risk,Regular engagement and loyalty rewards
Bryan Davis,13566.0,1529.55826,30,21.0,Low Risk,Regular engagement and loyalty rewards
Kean Thornton,7889.0,-231.71270000000004,26,21.0,Low Risk,Regular engagement and loyalty rewards
Jennifer Braxton,14456.0,2444.0022,38,21.0,Low Risk,Regular engagement and loyalty rewards
John Grady,20695.0,2885.0681,36,20.5,Low Risk,Regular engagement and loyalty rewards
Ashley Jarboe,15927.0,3001.4832,35,20.5,Low Risk,Regular engagement and loyalty rewards
Nancy Lomonaco,9638.0,-823.2396,25,20.5,Low Risk,Regular engagement and loyalty rewards
Katherine Nockton,19267.0,4097.65184,30,20.0,Low Risk,Regular engagement and loyalty rewards
Karen Seio,4646.0,865.10218,24,20.0,Low Risk,Regular engagement and loyalty rewards
Ken Lonsdale,23560.0,937.2934999999999,30,20.0,Low Risk,Regular engagement and loyalty rewards
Art Foster,17054.0,2225.2455,36,20.0,Low Risk,Regular engagement and loyalty rewards
David Flashing,10076.0,168.5090000000001,19,20.0,Low Risk,Regular engagement and loyalty rewards
Toby Swindell,17265.0,2254.94458,33,20.0,Low Risk,Regular engagement and loyalty rewards
Eric Hoffmann,10313.0,2235.89482,35,20.0,Low Risk,Regular engagement and loyalty rewards
Sarah Foster,12027.0,784.7241999999999,34,20.0,Low Risk,Regular engagement and loyalty rewards
Harry Marie,23646.0,5665.9124,35,20.0,Low Risk,Regular engagement and loyalty rewards
Craig Leslie,17598.0,2427.7397,32,20.0,Low Risk,Regular engagement and loyalty rewards
Christine Phan,23968.0,1648.61338,31,20.0,Low Risk,Regular engagement and loyalty rewards
John Lee,23903.0,1538.9421,34,20.0,Low Risk,Regular engagement and loyalty rewards
Monica Federle,18111.0,1594.1554,36,20.0,Low Risk,Regular engagement and loyalty rewards
Brendan Murry,11223.0,256.28759999999994,31,20.0,Low Risk,Regular engagement and loyalty rewards
Giulietta Baptist,12026.0,1475.3954800000001,29,19.5,Low Risk,Regular engagement and loyalty rewards
Clay Cheatham,9280.0,1495.47594,28,19.5,Low Risk,Regular engagement and loyalty rewards
Ben Wallace,14175.0,2068.94038,31,19.5,Low Risk,Regular engagement and loyalty rewards
Paul Lucas,13994.0,2020.5658,19,19.5,Low Risk,Regular engagement and loyalty rewards
Tamara Chand,37388.0,8650.7289,34,19.5,Low Risk,Regular engagement and loyalty rewards
Tom Boeckenhauer,21572.0,4157.4639,33,19.0,Low Risk,Regular engagement and loyalty rewards
Eugene Moren,20425.0,2876.7722400000002,33,19.0,Low Risk,Regular engagement and loyalty rewards
Frank Merwin,13994.0,1919.5637199999999,33,19.0,Low Risk,Regular engagement and loyalty rewards
Heather Kirkland,13049.0,1910.2502000000002,31,19.0,Low Risk,Regular engagement and loyalty rewards
Ruben Ausman,15493.0,3181.62868,29,19.0,Low Risk,Regular engagement and loyalty rewards
Sally Hughsby,18290.0,1737.18684,35,19.0,Low Risk,Regular engagement and loyalty rewards
Brian Derr,16630.0,2728.4393,31,19.0,Low Risk,Regular engagement and loyalty rewards
Max Ludwig,14069.0,1598.022,30,19.0,Low Risk,Regular engagement and loyalty rewards
Marc Crier,15872.0,2073.0863,38,19.0,Low Risk,Regular engagement and loyalty rewards
Dave Hallsten,16191.0,1681.8685,35,18.5,Low Risk,Regular engagement and loyalty rewards
Odella Nelson,19224.0,2764.94724,36,18.5,Low Risk,Regular engagement and loyalty rewards
Liz Thompson,19616.0,3285.05936,29,18.5,Low Risk,Regular engagement and loyalty rewards
Cari MacIntyre,19843.0,2177.816,34,18.5,Low Risk,Regular engagement and loyalty rewards
Kelly Williams,11205.0,2316.8385,38,18.5,Low Risk,Regular engagement and loyalty rewards
Patrick Gardner,12510.0,1395.7449,35,18.5,Low Risk,Regular engagement and loyalty rewards
Christine Sundaresam,6711.0,767.1816,32,18.5,Low Risk,Regular engagement and loyalty rewards
Dennis Bolton,10427.0,1930.67646,29,18.0,Low Risk,Regular engagement and loyalty rewards
Bradley Nguyen,12358.0,2441.83162,28,18.0,Low Risk,Regular engagement and loyalty rewards
Michael Oakman,3810.0,60.68260000000002,15,18.0,Low Risk,Regular engagement and loyalty rewards
Nora Pelletier,16348.0,1556.0869,33,18.0,Low Risk,Regular engagement and loyalty rewards
Michael Moore,18556.0,1554.7830000000001,33,18.0,Low Risk,Regular engagement and loyalty rewards
Resi Pölking,20502.0,1291.7371,38,17.5,Low Risk,Regular engagement and loyalty rewards
Fred McMath,7422.0,1031.2735,26,17.5,Low Risk,Regular engagement and loyalty rewards
Alice McCarthy,18410.0,2902.6178,36,17.5,Low Risk,Regular engagement and loyalty rewards
Laurel Workman,9754.0,910.7849399999999,28,17.0,Low Risk,Regular engagement and loyalty rewards
Michelle Moray,12372.0,1293.1547,30,17.0,Low Risk,Regular engagement and loyalty rewards
Tracy Poddar,12455.0,1807.9927,34,17.0,Low Risk,Regular engagement and loyalty rewards
Edward Hooks,19769.0,544.9303999999998,34,17.0,Low Risk,Regular engagement and loyalty rewards
Matthew Clasen,17788.0,2988.6132000000002,35,16.5,Low Risk,Regular engagement and loyalty rewards
Joni Sundaresam,6672.0,96.84040000000007,26,16.5,Low Risk,Regular engagement and loyalty rewards
Maurice Satty,8961.0,940.48106,31,16.5,Low Risk,Regular engagement and loyalty rewards
Lena Radford,22254.0,3644.29596,28,16.5,Low Risk,Regular engagement and loyalty rewards
John Castell,8839.0,1393.88424,24,16.5,Low Risk,Regular engagement and loyalty rewards
Harold Pawlan,7206.0,594.7219,28,16.5,Low Risk,Regular engagement and loyalty rewards
Jennifer Patt,13854.0,2039.1540200000002,34,16.5,Low Risk,Regular engagement and loyalty rewards
Becky Martin,26992.0,-999.0853999999999,31,16.5,Low Risk,Regular engagement and loyalty rewards
Craig Carreira,9990.0,-506.06600000000003,31,16.5,Low Risk,Regular engagement and loyalty rewards
Chuck Sachs,22209.0,2829.67988,29,16.5,Low Risk,Regular engagement and loyalty rewards
Sanjit Engle,28567.0,5552.73422,36,16.5,Low Risk,Regular engagement and loyalty rewards
Shaun Weien,7846.0,1056.559,28,16.5,Low Risk,Regular engagement and loyalty rewards
Troy Staebel,21882.0,1584.2887,32,16.5,Low Risk,Regular engagement and loyalty rewards
Laurel Elliston,10964.0,1973.5966,28,16.0,Low Risk,Regular engagement and loyalty rewards
Trudy Brown,12941.0,1497.4789,32,16.0,Low Risk,Regular engagement and loyalty rewards
Matt Collins,15709.0,1456.65616,36,16.0,Low Risk,Regular engagement and loyalty rewards
Maureen Gnade,15815.0,1805.3076,30,16.0,Low Risk,Regular engagement and loyalty rewards
Joy Smith,19000.0,528.43508,34,16.0,Low Risk,Regular engagement and loyalty rewards
Rick Reed,15908.0,-137.91479999999996,31,16.0,Low Risk,Regular engagement and loyalty rewards
Christine Abelman,6866.0,707.9937600000001,23,16.0,Low Risk,Regular engagement and loyalty rewards
Janet Molinari,14313.0,2305.1154,31,16.0,Low Risk,Regular engagement and loyalty rewards
Logan Currie,14323.0,1687.18046,30,15.5,Low Risk,Regular engagement and loyalty rewards
George Bell,11735.0,602.2421,28,15.5,Low Risk,Regular engagement and loyalty rewards
Toby Carlisle,19852.0,1431.6358,29,15.5,Low Risk,Regular engagement and loyalty rewards
Michelle Lonsdale,9944.0,1892.7862,24,15.5,Low Risk,Regular engagement and loyalty rewards
Harold Dahlen,17595.0,1628.5622,35,15.5,Low Risk,Regular engagement and loyalty rewards
Adrian Barton,22987.0,7325.2813,35,15.5,Low Risk,Regular engagement and loyalty rewards
Nona Balk,7556.0,738.4911,24,15.5,Low Risk,Regular engagement and loyalty rewards
Christina Anderson,21226.0,3547.0709,35,15.5,Low Risk,Regular engagement and loyalty rewards
Robert Waldorf,12100.0,1982.5603,31,15.0,Low Risk,Regular engagement and loyalty rewards
Frank Preis,10028.0,885.8769000000001,28,15.0,Low Risk,Regular engagement and loyalty rewards
Rick Duston,16898.0,3368.0249,31,15.0,Low Risk,Regular engagement and loyalty rewards
Cari Schnelling,11910.0,1264.9043199999999,29,15.0,Low Risk,Regular engagement and loyalty rewards
Jennifer Ferguson,21185.0,2746.72278,31,15.0,Low Risk,Regular engagement and loyalty rewards
Randy Ferguson,16585.0,3088.315,31,15.0,Low Risk,Regular engagement and loyalty rewards
Ben Ferrer,19208.0,3450.18324,33,15.0,Low Risk,Regular engagement and loyalty rewards
David Wiener,9551.0,1441.3663000000001,26,14.5,Low Risk,Regular engagement and loyalty rewards
Lisa DeCherney,10803.0,904.2954,31,14.5,Low Risk,Regular engagement and loyalty rewards
Bobby Elias,18078.0,3680.85606,36,14.5,Low Risk,Regular engagement and loyalty rewards
Ross Baird,15636.0,2882.43274,38,14.5,Low Risk,Regular engagement and loyalty rewards
Theone Pippenger,20077.0,1399.2117799999999,36,14.5,Low Risk,Regular engagement and loyalty rewards
Anne McFarland,25389.0,3233.3351,35,14.5,Low Risk,Regular engagement and loyalty rewards
Clay Rozendal,6859.0,675.991,21,14.5,Low Risk,Regular engagement and loyalty rewards
Christine Kargatis,13005.0,1373.8732200000002,34,14.5,Low Risk,Regular engagement and loyalty rewards
Steve Chapman,21940.0,1774.0715999999998,37,14.5,Low Risk,Regular engagement and loyalty rewards
Robert Marley,9534.0,1362.4991,23,14.5,Low Risk,Regular engagement and loyalty rewards
Fred Wasserman,17910.0,1619.9804,32,14.0,Low Risk,Regular engagement and loyalty rewards
Juliana Krohn,18971.0,2428.19334,32,14.0,Low Risk,Regular engagement and loyalty rewards
Herbert Flentye,11639.0,-720.6509,34,13.5,Low Risk,Regular engagement and loyalty rewards
Vivian Mathis,3830.0,636.8743,22,13.5,Low Risk,Regular engagement and loyalty rewards
Stewart Carmichael,15641.0,324.3208800000001,37,13.5,Low Risk,Regular engagement and loyalty rewards
Jenna Caffey,13878.0,1140.9064,28,13.5,Low Risk,Regular engagement and loyalty rewards
Maribeth Schnelling,20663.0,3543.6429999999996,35,13.5,Low Risk,Regular engagement and loyalty rewards
Stefania Perrino,18398.0,-158.2407000000001,31,13.5,Low Risk,Regular engagement and loyalty rewards
Tiffany House,16293.0,1523.807,35,13.5,Low Risk,Regular engagement and loyalty rewards
Matt Collister,11510.0,1860.01518,27,13.5,Low Risk,Regular engagement and loyalty rewards
Darrin Sayre,12669.0,1322.0074,31,13.5,Low Risk,Regular engagement and loyalty rewards
Greg Tran,33447.0,5379.91328,30,13.5,Low Risk,Regular engagement and loyalty rewards
Daniel Raglin,24454.0,5464.2994,35,13.0,Low Risk,Regular engagement and loyalty rewards
Larry Hughes,8028.0,661.1297000000001,23,13.0,Low Risk,Regular engagement and loyalty rewards
Bill Donatelli,14762.0,1592.0461,33,13.0,Low Risk,Regular engagement and loyalty rewards
Larry Blacks,11684.0,896.3799200000001,32,13.0,Low Risk,Regular engagement and loyalty rewards
Lori Olson,12598.0,1550.2834,32,13.0,Low Risk,Regular engagement and loyalty rewards
David Kendrick,17117.0,1998.3337,34,13.0,Low Risk,Regular engagement and loyalty rewards
Rachel Payne,14814.0,1940.6949,30,13.0,Low Risk,Regular engagement and loyalty rewards
Chris Selesnick,10198.0,1788.5332,28,13.0,Low Risk,Regular engagement and loyalty rewards
Annie Thurman,10720.0,2033.2713,31,13.0,Low Risk,Regular engagement and loyalty rewards
Doug Jacobs,10903.0,1993.4312,31,13.0,Low Risk,Regular engagement and loyalty rewards
Melanie Seite,14912.0,2065.4865,31,13.0,Low Risk,Regular engagement and loyalty rewards
Gary Hwang,23065.0,3832.733,36,13.0,Low Risk,Regular engagement and loyalty rewards
Zuschuss Donatelli,10915.0,51.91560000000003,26,13.0,Low Risk,Regular engagement and loyalty rewards
Clay Ludtke,18079.0,1178.31898,31,13.0,Low Risk,Regular engagement and loyalty rewards
Ruben Dartt,17269.0,3432.2022,38,13.0,Low Risk,Regular engagement and loyalty rewards
Kean Takahito,17217.0,970.7934,38,12.5,Low Risk,Regular engagement and loyalty rewards
Thea Hendricks,15277.0,1854.0511000000001,29,12.5,Low Risk,Regular engagement and loyalty rewards
Raymond Buch,29371.0,8446.1495,28,12.5,Low Risk,Regular engagement and loyalty rewards
Pamela Coakley,11269.0,-593.75456,22,12.5,Low Risk,Regular engagement and loyalty rewards
Ed Braxton,15509.0,1483.2345999999998,32,12.5,Low Risk,Regular engagement and loyalty rewards
Guy Thornton,6480.0,599.06412,25,12.5,Low Risk,Regular engagement and loyalty rewards
Jim Kriz,12880.0,2789.8168,28,12.5,Low Risk,Regular engagement and loyalty rewards
Dorothy Dickinson,11046.0,1387.1212,31,12.5,Low Risk,Regular engagement and loyalty rewards
Shaun Chance,7082.0,126.41329999999999,24,12.5,Low Risk,Regular engagement and loyalty rewards
Darren Budd,9581.0,544.7849,14,12.5,Low Risk,Regular engagement and loyalty rewards
Randy Bradley,22227.0,4013.35242,37,12.0,Low Risk,Regular engagement and loyalty rewards
Anna Häberlin,17768.0,2393.20172,34,12.0,Low Risk,Regular engagement and loyalty rewards
Gary Mitchum,10598.0,2917.8872,19,12.0,Low Risk,Regular engagement and loyalty rewards
Greg Guthrie,13523.0,1525.00086,30,12.0,Low Risk,Regular engagement and loyalty rewards
Denny Joy,21976.0,3139.95014,29,12.0,Low Risk,Regular engagement and loyalty rewards
Roy Phan,12627.0,132.83670000000004,30,12.0,Low Risk,Regular engagement and loyalty rewards
Roy Französisch,13524.0,2680.06408,32,12.0,Low Risk,Regular engagement and loyalty rewards
Pamela Stobb,16043.0,1069.4314000000002,30,12.0,Low Risk,Regular engagement and loyalty rewards
Victor Preis,10898.0,2205.7308,29,12.0,Low Risk,Regular engagement and loyalty rewards
Shirley Jackson,13385.0,1581.8093,29,12.0,Low Risk,Regular engagement and loyalty rewards
Filia McAdams,17105.0,1355.8151,36,12.0,Low Risk,Regular engagement and loyalty rewards
Anemone Ratner,10645.0,1779.23282,24,12.0,Low Risk,Regular engagement and loyalty rewards
Tamara Dahlen,7041.0,-1136.1581999999999,23,11.5,Low Risk,Regular engagement and loyalty rewards
Hilary Holden,14343.0,2231.9540199999997,26,11.5,Low Risk,Regular engagement and loyalty rewards
Suzanne McNair,12200.0,1022.9799399999999,36,11.5,Low Risk,Regular engagement and loyalty rewards
Peter McVee,9839.0,912.3843999999999,24,11.5,Low Risk,Regular engagement and loyalty rewards
Tamara Willingham,14094.0,3233.1401,33,11.5,Low Risk,Regular engagement and loyalty rewards
Pete Kriz,17524.0,1712.2983,28,11.5,Low Risk,Regular engagement and loyalty rewards
Anthony Garverick,11409.0,106.0065,34,11.5,Low Risk,Regular engagement and loyalty rewards
Mitch Gastineau,16376.0,2086.2803,29,11.5,Low Risk,Regular engagement and loyalty rewards
Mick Brown,16374.0,2579.3705800000002,36,11.5,Low Risk,Regular engagement and loyalty rewards
Jasper Cacioppo,15692.0,-571.869,33,11.0,Low Risk,Regular engagement and loyalty rewards
Natalie Webber,22374.0,3821.53806,33,11.0,Low Risk,Regular engagement and loyalty rewards
Muhammed Lee,15833.0,2308.93396,34,11.0,Low Risk,Regular engagement and loyalty rewards
Jamie Frazer,15411.0,252.30449999999996,34,11.0,Low Risk,Regular engagement and loyalty rewards
Karl Braun,16325.0,1598.71568,38,11.0,Low Risk,Regular engagement and loyalty rewards
Andrew Roberts,16903.0,3556.57486,38,11.0,Low Risk,Regular engagement and loyalty rewards
Eileen Kiefer,7101.0,759.4042000000001,22,11.0,Low Risk,Regular engagement and loyalty rewards
Art Ferguson,26811.0,2302.6111,39,11.0,Low Risk,Regular engagement and loyalty rewards
Maureen Fritzler,13388.0,1413.46384,30,11.0,Low Risk,Regular engagement and loyalty rewards
Darren Koutras,13012.0,977.5697,31,11.0,Low Risk,Regular engagement and loyalty rewards
Kelly Lampkin,12020.0,704.5928,30,11.0,Low Risk,Regular engagement and loyalty rewards
Sanjit Jacobs,13244.0,1728.1339,38,11.0,Low Risk,Regular engagement and loyalty rewards
Brian DeCherney,10604.0,969.27192,34,11.0,Low Risk,Regular engagement and loyalty rewards
Lycoris Saunders,11409.0,1431.52468,33,11.0,Low Risk,Regular engagement and loyalty rewards
Skye Norling,14205.0,-2622.8185,30,11.0,Low Risk,Regular engagement and loyalty rewards
Ken Black,16602.0,1351.0226,29,11.0,Low Risk,Regular engagement and loyalty rewards
Bill Tyler,10925.0,2623.6593,26,10.5,Low Risk,Regular engagement and loyalty rewards
Victoria Brennan,7240.0,528.705,20,10.5,Low Risk,Regular engagement and loyalty rewards
Kelly Andreada,15278.0,3273.69642,36,10.5,Low Risk,Regular engagement and loyalty rewards
Valerie Takahito,18753.0,1030.8867,29,10.5,Low Risk,Regular engagement and loyalty rewards
Sandra Flanagan,10995.0,1753.4661999999998,27,10.5,Low Risk,Regular engagement and loyalty rewards
Sara Luxemburg,16154.0,1804.5545000000002,43,10.5,Low Risk,Regular engagement and loyalty rewards
Dave Brooks,22351.0,3188.21786,30,10.5,Low Risk,Regular engagement and loyalty rewards
Stewart Visinsky,14503.0,2035.4333,31,10.5,Low Risk,Regular engagement and loyalty rewards
Erica Hackney,9029.0,1507.3355,30,10.5,Low Risk,Regular engagement and loyalty rewards
Brosina Hoffman,27313.0,4710.0306,37,10.5,Low Risk,Regular engagement and loyalty rewards
Karen Daniels,23099.0,2562.3747000000003,28,10.5,Low Risk,Regular engagement and loyalty rewards
Allen Rosenblatt,9186.0,-609.6118200000001,26,10.5,Low Risk,Regular engagement and loyalty rewards
Julie Creighton,14984.0,-1894.8053200000002,33,10.5,Low Risk,Regular engagement and loyalty rewards
Joel Eaton,21401.0,1548.7518599999999,40,10.5,Low Risk,Regular engagement and loyalty rewards
Carol Triggs,13735.0,2331.68334,28,10.5,Low Risk,Regular engagement and loyalty rewards
Theresa Coyne,16350.0,2517.31286,29,10.5,Low Risk,Regular engagement and loyalty rewards
Gary Hansen,13475.0,643.8249799999999,44,10.5,Low Risk,Regular engagement and loyalty rewards
Maris LaWare,11409.0,-28.914399999999965,29,10.5,Low Risk,Regular engagement and loyalty rewards
George Ashbrook,12853.0,1208.34832,29,10.5,Low Risk,Regular engagement and loyalty rewards
Alejandro Grove,13088.0,2464.3297199999997,31,10.5,Low Risk,Regular engagement and loyalty rewards
Alan Haines,12153.0,-727.44016,31,10.0,Low Risk,Regular engagement and loyalty rewards
Bobby Trafton,7961.0,-808.5586000000001,30,10.0,Low Risk,Regular engagement and loyalty rewards
Lindsay Williams,10181.0,1261.5931,29,10.0,Low Risk,Regular engagement and loyalty rewards
Mary Zewe,13970.0,2085.1191400000002,31,10.0,Low Risk,Regular engagement and loyalty rewards
Maribeth Dona,17691.0,1197.47332,35,10.0,Low Risk,Regular engagement and loyalty rewards
Nick Crebassa,11813.0,1173.5247,26,10.0,Low Risk,Regular engagement and loyalty rewards
Rick Huthwaite,13371.0,1655.77246,31,10.0,Low Risk,Regular engagement and loyalty rewards
Rob Dowd,16964.0,2678.3737,33,10.0,Low Risk,Regular engagement and loyalty rewards
Sam Zeldin,14679.0,2648.0283,37,10.0,Low Risk,Regular engagement and loyalty rewards
Ryan Akin,12885.0,901.229,28,10.0,Low Risk,Regular engagement and loyalty rewards
Karen Bern,9613.0,1766.8594,29,10.0,Low Risk,Regular engagement and loyalty rewards
Doug O'Connell,12944.0,1704.88752,27,9.5,Low Risk,Regular engagement and loyalty rewards
Don Jones,20815.0,4205.6562,34,9.5,Low Risk,Regular engagement and loyalty rewards
Sonia Cooley,8602.0,1026.2015999999999,34,9.5,Low Risk,Regular engagement and loyalty rewards
Tracy Hopkins,12111.0,-744.8195000000003,29,9.5,Low Risk,Regular engagement and loyalty rewards
Brian Moss,14252.0,3320.5816800000002,29,9.5,Low Risk,Regular engagement and loyalty rewards
Thomas Brumley,11762.0,2038.3325200000002,19,9.5,Low Risk,Regular engagement and loyalty rewards
Dario Medina,22070.0,2381.93922,39,9.5,Low Risk,Regular engagement and loyalty rewards
Alan Dominguez,16997.0,1551.5202000000002,27,9.5,Low Risk,Regular engagement and loyalty rewards
Stephanie Phelps,5940.0,888.7230400000001,27,9.5,Low Risk,Regular engagement and loyalty rewards
Michael Dominguez,22408.0,3785.07244,32,9.5,Low Risk,Regular engagement and loyalty rewards
Ryan Crowe,9310.0,2102.1754,26,9.5,Low Risk,Regular engagement and loyalty rewards
Patricia Hirasaki,11121.0,2797.9393,26,9.5,Low Risk,Regular engagement and loyalty rewards
Harry Greene,16387.0,-767.1552799999998,35,9.5,Low Risk,Regular engagement and loyalty rewards
Bart Pistole,8520.0,949.1056,32,9.5,Low Risk,Regular engagement and loyalty rewards
Joseph Holt,19763.0,139.36330000000004,40,9.5,Low Risk,Regular engagement and loyalty rewards
Dan Reichenbach,15143.0,1765.1033,34,9.5,Low Risk,Regular engagement and loyalty rewards
Muhammed Yedwab,23334.0,1632.7954000000002,33,9.5,Low Risk,Regular engagement and loyalty rewards
Russell Applegate,20432.0,1884.94032,27,9.5,Low Risk,Regular engagement and loyalty rewards
Fred Chung,9323.0,1496.69624,27,9.5,Low Risk,Regular engagement and loyalty rewards
Jocasta Rupert,10347.0,633.39176,22,9.5,Low Risk,Regular engagement and loyalty rewards
Kunst Miller,15697.0,2394.5098,25,9.0,Low Risk,Regular engagement and loyalty rewards
Keith Herrera,12096.0,1589.427,30,9.0,Low Risk,Regular engagement and loyalty rewards
Emily Ducich,18137.0,2510.9155,35,9.0,Low Risk,Regular engagement and loyalty rewards
Joni Wasserman,10549.0,571.4003,31,9.0,Low Risk,Regular engagement and loyalty rewards
Rob Haberlin,7787.0,1207.80666,27,9.0,Low Risk,Regular engagement and loyalty rewards
Justin Hirsh,23754.0,3968.0484,37,9.0,Low Risk,Regular engagement and loyalty rewards
Dennis Pardue,11446.0,2620.1490000000003,31,9.0,Low Risk,Regular engagement and loyalty rewards
Allen Armold,5863.0,527.5950999999999,28,9.0,Low Risk,Regular engagement and loyalty rewards
Mick Hernandez,11821.0,1169.6024,29,9.0,Low Risk,Regular engagement and loyalty rewards
Brooke Gillingham,10863.0,357.73028,21,9.0,Low Risk,Regular engagement and loyalty rewards
Nick Radford,12180.0,1612.76478,30,9.0,Low Risk,Regular engagement and loyalty rewards
Gary McGarr,15893.0,1651.7658799999997,32,9.0,Low Risk,Regular engagement and loyalty rewards
Greg Matthias,12170.0,-1116.7690599999999,33,9.0,Low Risk,Regular engagement and loyalty rewards
Raymond Messe,17597.0,1633.34902,28,9.0,Low Risk,Regular engagement and loyalty rewards
Patrick Ryan,13847.0,265.8004200000001,31,9.0,Low Risk,Regular engagement and loyalty rewards
Pete Takahito,8427.0,-395.99467999999996,27,9.0,Low Risk,Regular engagement and loyalty rewards
Maria Bertelson,20031.0,4214.52652,31,9.0,Low Risk,Regular engagement and loyalty rewards
Marc Harrigan,14562.0,2054.69486,26,9.0,Low Risk,Regular engagement and loyalty rewards
Tony Molinari,12812.0,524.9028999999999,32,9.0,Low Risk,Regular engagement and loyalty rewards
Aaron Smayling,10418.0,102.95080000000003,30,9.0,Low Risk,Regular engagement and loyalty rewards
Adam Shillingsburg,15036.0,1511.94912,32,8.5,Low Risk,Regular engagement and loyalty rewards
William Brown,15596.0,2347.3032,36,8.5,Low Risk,Regular engagement and loyalty rewards
Alejandro Ballentine,14051.0,526.6778999999999,37,8.5,Low Risk,Regular engagement and loyalty rewards
Bill Shonely,21759.0,5512.81568,26,8.5,Low Risk,Regular engagement and loyalty rewards
Scott Cohen,12515.0,1218.7108,32,8.5,Low Risk,Regular engagement and loyalty rewards
Anna Chung,7534.0,181.90939999999998,23,8.5,Low Risk,Regular engagement and loyalty rewards
Tanja Norvell,9254.0,-854.11216,29,8.5,Low Risk,Regular engagement and loyalty rewards
Andy Gerbode,7729.0,31.329699999999924,22,8.5,Low Risk,Regular engagement and loyalty rewards
Muhammed MacIntyre,10191.0,2136.0666,33,8.5,Low Risk,Regular engagement and loyalty rewards
Rick Wilson,21097.0,4219.5768,29,8.5,Low Risk,Regular engagement and loyalty rewards
Steven Cartwright,16806.0,2018.50938,34,8.5,Low Risk,Regular engagement and loyalty rewards
Phillip Flathmann,12020.0,1197.0315,33,8.5,Low Risk,Regular engagement and loyalty rewards
Steven Roelle,18883.0,4288.2384,35,8.5,Low Risk,Regular engagement and loyalty rewards
Mark Haberlin,8162.0,1301.7724,30,8.5,Low Risk,Regular engagement and loyalty rewards
Darrin Van Huff,18797.0,1240.07312,31,8.5,Low Risk,Regular engagement and loyalty rewards
Brad Thomas,11568.0,960.89194,37,8.5,Low Risk,Regular engagement and loyalty rewards
Cindy Stewart,13161.0,-6203.9841,20,8.5,Low Risk,Regular engagement and loyalty rewards
Corey Catlett,16747.0,2752.3442,30,8.5,Low Risk,Regular engagement and loyalty rewards
Dave Poirier,25847.0,4583.6747000000005,29,8.5,Low Risk,Regular engagement and loyalty rewards
Theresa Swint,7564.0,996.9624,26,8.5,Low Risk,Regular engagement and loyalty rewards
Sean Miller,34450.0,-461.16234000000003,25,8.0,Low Risk,Regular engagement and loyalty rewards
Sean Wendt,8131.0,1017.5977399999999,29,8.0,Low Risk,Regular engagement and loyalty rewards
Dan Lawera,12595.0,409.89500000000015,40,8.0,Low Risk,Regular engagement and loyalty rewards
Georgia Rosenberg,12700.0,414.22974000000005,28,8.0,Low Risk,Regular engagement and loyalty rewards
Guy Phonely,13258.0,1650.3896,28,8.0,Low Risk,Regular engagement and loyalty rewards
Guy Armstrong,9811.0,850.8704,24,8.0,Low Risk,Regular engagement and loyalty rewards
Sonia Sunley,10988.0,2153.3186,24,8.0,Low Risk,Regular engagement and loyalty rewards
Magdelene Morse,20124.0,4474.71312,29,8.0,Low Risk,Regular engagement and loyalty rewards
Kristen Hastings,18868.0,2154.8606,44,8.0,Low Risk,Regular engagement and loyalty rewards
Ross DeVincentis,8404.0,1133.38446,34,8.0,Low Risk,Regular engagement and loyalty rewards
Erica Smith,13553.0,3030.04084,35,8.0,Low Risk,Regular engagement and loyalty rewards
Mark Packer,9606.0,1301.1241,28,8.0,Low Risk,Regular engagement and loyalty rewards
Barry Gonzalez,19262.0,1488.2942,31,8.0,Low Risk,Regular engagement and loyalty rewards
Neil Ducich,14534.0,3129.35852,28,8.0,Low Risk,Regular engagement and loyalty rewards
Sue Ann Reed,16454.0,1369.91276,38,8.0,Low Risk,Regular engagement and loyalty rewards
Jessica Myrick,7404.0,1297.3664999999999,23,8.0,Low Risk,Regular engagement and loyalty rewards
John Dryer,11506.0,-1217.3127399999998,28,7.5,Low Risk,Regular engagement and loyalty rewards
Heather Jas,15064.0,2505.161,36,7.5,Low Risk,Regular engagement and loyalty rewards
Deborah Brumfield,7813.0,898.4547,23,7.5,Low Risk,Regular engagement and loyalty rewards
Shirley Daniels,16541.0,3538.4737999999998,37,7.5,Low Risk,Regular engagement and loyalty rewards
Liz Preis,15917.0,2012.6509999999998,25,7.5,Low Risk,Regular engagement and loyalty rewards
Vicky Freymann,10846.0,496.17779999999993,26,7.5,Low Risk,Regular engagement and loyalty rewards
Ann Chong,12168.0,1423.03098,31,7.5,Low Risk,Regular engagement and loyalty rewards
Beth Thompson,11145.0,1024.6448,32,7.5,Low Risk,Regular engagement and loyalty rewards
Erica Hernandez,10653.0,1441.5569,30,7.5,Low Risk,Regular engagement and loyalty rewards
Andy Reiter,8527.0,3133.4957999999997,22,7.5,Low Risk,Regular engagement and loyalty rewards
Charles McCrossin,20130.0,742.6218200000001,29,7.5,Low Risk,Regular engagement and loyalty rewards
Carol Adams,22417.0,4974.4313,30,7.5,Low Risk,Regular engagement and loyalty rewards
Carlos Meador,7778.0,1433.772,23,7.5,Low Risk,Regular engagement and loyalty rewards
Giulietta Weimer,17250.0,1700.8916,30,7.5,Low Risk,Regular engagement and loyalty rewards
Penelope Sewall,27872.0,3896.2571,31,7.5,Low Risk,Regular engagement and loyalty rewards
Evan Bailliet,7631.0,530.2632,27,7.5,Low Risk,Regular engagement and loyalty rewards
Susan MacKendrick,8608.0,1521.3605,21,7.5,Low Risk,Regular engagement and loyalty rewards
Mark Cousins,12727.0,2034.23698,33,7.5,Low Risk,Regular engagement and loyalty rewards
Jay Kimmel,13059.0,1513.7600400000001,29,7.5,Low Risk,Regular engagement and loyalty rewards
Delfina Latchford,9805.0,954.2482,26,7.5,Low Risk,Regular engagement and loyalty rewards
Alan Barnes,10550.0,1920.5598,30,7.5,Low Risk,Regular engagement and loyalty rewards
Lela Donovan,16087.0,1485.26268,37,7.5,Low Risk,Regular engagement and loyalty rewards
Don Weiss,9715.0,-170.5708,20,7.5,Low Risk,Regular engagement and loyalty rewards
Mick Crebagga,11531.0,300.62330000000003,34,7.5,Low Risk,Regular engagement and loyalty rewards
Ed Jacobs,9420.0,934.5686,27,7.5,Low Risk,Regular engagement and loyalty rewards
Toby Braunhardt,11113.0,971.8613599999999,34,7.0,Low Risk,Regular engagement and loyalty rewards
Brad Eason,17400.0,906.4441,27,7.0,Low Risk,Regular engagement and loyalty rewards
Shui Tom,12433.0,2588.03396,36,7.0,Low Risk,Regular engagement and loyalty rewards
Mark Van Huff,10430.0,1768.7245,27,7.0,Low Risk,Regular engagement and loyalty rewards
Sarah Jordon,13715.0,2042.3810799999999,38,7.0,Low Risk,Regular engagement and loyalty rewards
David Philippe,22273.0,1172.80852,28,7.0,Low Risk,Regular engagement and loyalty rewards
Bruce Stewart,18754.0,453.3811000000001,30,7.0,Low Risk,Regular engagement and loyalty rewards
Katharine Harms,17191.0,3369.6048,34,7.0,Low Risk,Regular engagement and loyalty rewards
Michael Granlund,10718.0,-1867.0799,28,7.0,Low Risk,Regular engagement and loyalty rewards
Arianne Irving,8712.0,1466.4913999999999,24,7.0,Low Risk,Regular engagement and loyalty rewards
Gary Zandusky,20919.0,2957.6997,39,7.0,Low Risk,Regular engagement and loyalty rewards
Jas O'Carroll,7555.0,1491.4578000000001,23,7.0,Low Risk,Regular engagement and loyalty rewards
Benjamin Patterson,18643.0,891.6279000000002,30,7.0,Low Risk,Regular engagement and loyalty rewards
Steve Nguyen,12483.0,2101.99126,27,7.0,Low Risk,Regular engagement and loyalty rewards
Jeremy Pistek,16834.0,2747.89676,28,7.0,Low Risk,Regular engagement and loyalty rewards
Yoseph Carroll,17901.0,4031.7196,29,7.0,Low Risk,Regular engagement and loyalty rewards
Adrian Shami,11233.0,1544.1490000000001,23,6.5,Low Risk,Regular engagement and loyalty rewards
Arthur Wiediger,9325.0,2031.10176,23,6.5,Low Risk,Regular engagement and loyalty rewards
Anthony Witt,11950.0,381.8972200000002,29,6.5,Low Risk,Regular engagement and loyalty rewards
Khloe Miller,9838.0,499.83439999999996,28,6.5,Low Risk,Regular engagement and loyalty rewards
Greg Hansen,12433.0,1731.01182,32,6.5,Low Risk,Regular engagement and loyalty rewards
Christina VanderZanden,8097.0,149.35827999999992,27,6.5,Low Risk,Regular engagement and loyalty rewards
Jeremy Farry,8596.0,1636.87256,34,6.5,Low Risk,Regular engagement and loyalty rewards
Tim Brockman,15723.0,2609.5861999999997,37,6.5,Low Risk,Regular engagement and loyalty rewards
Tony Chapman,11923.0,1463.98576,34,6.5,Low Risk,Regular engagement and loyalty rewards
Roger Demir,13899.0,2806.1186000000002,35,6.5,Low Risk,Regular engagement and loyalty rewards
Emily Grady,20303.0,2227.2043200000003,28,6.5,Low Risk,Regular engagement and loyalty rewards
Emily Phan,15489.0,2122.97874,30,6.5,Low Risk,Regular engagement and loyalty rewards
Clytie Kelty,16226.0,2184.56678,33,6.5,Low Risk,Regular engagement and loyalty rewards
Michael Paige,16341.0,1521.023,43,6.5,Low Risk,Regular engagement and loyalty rewards
Dorothy Wardle,10815.0,445.55,36,6.5,Low Risk,Regular engagement and loyalty rewards
Anthony O'Donnell,14954.0,1116.7006000000001,30,6.5,Low Risk,Regular engagement and loyalty rewards
Allen Goldenen,8928.0,447.265,23,6.5,Low Risk,Regular engagement and loyalty rewards
Nathan Gelder,17723.0,3557.2767400000002,30,6.5,Low Risk,Regular engagement and loyalty rewards
Ted Butterfield,12169.0,1480.9300199999998,31,6.5,Low Risk,Regular engagement and loyalty rewards
Benjamin Farhat,12107.0,697.4938000000001,31,6.5,Low Risk,Regular engagement and loyalty rewards
Ricardo Emerson,12411.0,2602.53494,23,6.5,Low Risk,Regular engagement and loyalty rewards
Frank Carlisle,10644.0,2328.343,27,6.5,Low Risk,Regular engagement and loyalty rewards
Ted Trevino,11812.0,1256.2321,29,6.5,Low Risk,Regular engagement and loyalty rewards
Janet Martin,17222.0,1602.8665200000003,25,6.5,Low Risk,Regular engagement and loyalty rewards
Chris Cortes,10553.0,2258.6376999999998,40,6.5,Low Risk,Regular engagement and loyalty rewards
Alyssa Crouse,8417.0,1124.9215,28,6.5,Low Risk,Regular engagement and loyalty rewards
Duane Benoit,13571.0,1408.4917400000002,21,6.5,Low Risk,Regular engagement and loyalty rewards
Paul Van Hugh,18484.0,4093.0094,31,6.0,Low Risk,Regular engagement and loyalty rewards
Paul Gonzalez,13623.0,1409.9423,31,6.0,Low Risk,Regular engagement and loyalty rewards
Zuschuss Carroll,25726.0,-375.4239399999999,33,6.0,Low Risk,Regular engagement and loyalty rewards
Liz Pelletier,9246.0,-351.5693999999999,29,6.0,Low Risk,Regular engagement and loyalty rewards
Stuart Van,17443.0,-496.9030199999999,30,6.0,Low Risk,Regular engagement and loyalty rewards
Amy Cox,11007.0,2827.5048,21,6.0,Low Risk,Regular engagement and loyalty rewards
Bill Stewart,15734.0,2052.8481,26,6.0,Low Risk,Regular engagement and loyalty rewards
Dan Campbell,11138.0,-246.12219999999996,35,6.0,Low Risk,Regular engagement and loyalty rewards
Craig Reiter,19780.0,1546.95336,33,6.0,Low Risk,Regular engagement and loyalty rewards
Ivan Liston,12853.0,1181.07276,32,6.0,Low Risk,Regular engagement and loyalty rewards
Linda Cazamias,15356.0,2117.3732,32,6.0,Low Risk,Regular engagement and loyalty rewards
Tonja Turnell,16491.0,1246.69616,37,6.0,Low Risk,Regular engagement and loyalty rewards
Bill Eplett,28456.0,7429.5713,41,6.0,Low Risk,Regular engagement and loyalty rewards
Dean percer,22635.0,3912.87412,33,6.0,Low Risk,Regular engagement and loyalty rewards
Helen Andreada,10008.0,1441.2011,28,6.0,Low Risk,Regular engagement and loyalty rewards
Rick Hansen,15900.0,1838.0455,28,6.0,Low Risk,Regular engagement and loyalty rewards
Neoma Murray,13549.0,3036.7995,25,6.0,Low Risk,Regular engagement and loyalty rewards
Mike Vittorini,16665.0,521.6025999999999,35,6.0,Low Risk,Regular engagement and loyalty rewards
Carlos Daly,10953.0,2486.532,27,6.0,Low Risk,Regular engagement and loyalty rewards
Justin MacKendrick,8889.0,1678.6306,31,6.0,Low Risk,Regular engagement and loyalty rewards
Robert Dilbeck,14572.0,3332.4531,29,6.0,Low Risk,Regular engagement and loyalty rewards
Toby Gnade,12746.0,2921.9505,31,5.5,Low Risk,Regular engagement and loyalty rewards
Carl Ludwig,17668.0,-226.80294000000015,38,5.5,Low Risk,Regular engagement and loyalty rewards
Adam Bellavance,15600.0,4040.3696999999997,37,5.5,Low Risk,Regular engagement and loyalty rewards
Todd Sumrall,25616.0,4637.7904,34,5.5,Low Risk,Regular engagement and loyalty rewards
Mitch Willingham,16657.0,-233.10389999999984,27,5.5,Low Risk,Regular engagement and loyalty rewards
Henry Goldwyn,15013.0,1381.8908000000001,37,5.5,Low Risk,Regular engagement and loyalty rewards
Yana Sorensen,18874.0,3136.4005,30,5.5,Low Risk,Regular engagement and loyalty rewards
Marina Lichtenstein,14464.0,1237.3120800000002,31,5.5,Low Risk,Regular engagement and loyalty rewards
Irene Maddox,17045.0,788.42082,32,5.5,Low Risk,Regular engagement and loyalty rewards
Stephanie Ulpright,8795.0,1160.4952,24,5.5,Low Risk,Regular engagement and loyalty rewards
Julie Prescott,13631.0,3345.0222,39,5.5,Low Risk,Regular engagement and loyalty rewards
Mitch Webber,22718.0,4042.7115,34,5.5,Low Risk,Regular engagement and loyalty rewards
Dianna Arnett,13808.0,-470.3513399999999,27,5.5,Low Risk,Regular engagement and loyalty rewards
Denise Monton,21505.0,-2803.5547,30,5.5,Low Risk,Regular engagement and loyalty rewards
Sean Christensen,19627.0,296.8881999999999,30,5.5,Low Risk,Regular engagement and loyalty rewards
Trudy Glocke,16745.0,2942.4428,37,5.5,Low Risk,Regular engagement and loyalty rewards
Luke Foster,9508.0,-4686.5682,23,5.5,Low Risk,Regular engagement and loyalty rewards
Caroline Jumper,19220.0,2489.754,25,5.0,Low Risk,Regular engagement and loyalty rewards
Sylvia Foulston,9227.0,1888.644,22,5.0,Low Risk,Regular engagement and loyalty rewards
Chuck Clark,12880.0,2683.54606,26,5.0,Low Risk,Regular engagement and loyalty rewards
Craig Molinari,11185.0,1204.0413,25,5.0,Low Risk,Regular engagement and loyalty rewards
Damala Kotsonis,17823.0,3430.6214999999997,39,5.0,Low Risk,Regular engagement and loyalty rewards
Cindy Schnelling,12737.0,174.71189999999993,31,5.0,Low Risk,Regular engagement and loyalty rewards
Russell D'Ascenzo,15624.0,1244.87492,31,5.0,Low Risk,Regular engagement and loyalty rewards
Frank Olsen,17299.0,3067.0443999999998,41,5.0,Low Risk,Regular engagement and loyalty rewards
Andy Yotov,8290.0,2247.9939400000003,25,5.0,Low Risk,Regular engagement and loyalty rewards
Shahid Shariari,17444.0,198.73118000000008,34,5.0,Low Risk,Regular engagement and loyalty rewards
Ed Ludwig,13415.0,1849.8954,32,5.0,Low Risk,Regular engagement and loyalty rewards
Mike Kennedy,8332.0,-114.41840000000005,25,5.0,Low Risk,Regular engagement and loyalty rewards
Michelle Huthwaite,12157.0,811.1542000000001,25,5.0,Low Risk,Regular engagement and loyalty rewards
Michael Chen,13045.0,1113.23202,29,5.0,Low Risk,Regular engagement and loyalty rewards
Philip Brown,9382.0,1215.78916,40,5.0,Low Risk,Regular engagement and loyalty rewards
Patrick Bzostek,11341.0,832.93644,25,5.0,Low Risk,Regular engagement and loyalty rewards
Katherine Murray,17398.0,1467.87284,29,5.0,Low Risk,Regular engagement and loyalty rewards
Michael Grace,13111.0,61.02862000000009,28,5.0,Low Risk,Regular engagement and loyalty rewards
Henia Zydlo,10612.0,501.5345,24,5.0,Low Risk,Regular engagement and loyalty rewards
James Lanier,12893.0,1048.16296,29,5.0,Low Risk,Regular engagement and loyalty rewards
Harold Ryan,9765.0,1345.51576,23,5.0,Low Risk,Regular engagement and loyalty rewards
Grace Kelly,19027.0,3279.7845,26,5.0,Low Risk,Regular engagement and loyalty rewards
Troy Blackwell,8663.0,1466.0289,27,5.0,Low Risk,Regular engagement and loyalty rewards
Andrew Allen,19758.0,2071.08818,25,5.0,Low Risk,Regular engagement and loyalty rewards
Alyssa Tate,9099.0,1464.2681,32,5.0,Low Risk,Regular engagement and loyalty rewards
Vivek Sundaresam,11394.0,1577.9187,21,5.0,Low Risk,Regular engagement and loyalty rewards
Tom Zandusky,14822.0,305.41140000000007,33,5.0,Low Risk,Regular engagement and loyalty rewards
Brian Thompson,10385.0,833.2969,22,5.0,Low Risk,Regular engagement and loyalty rewards
Becky Castell,13731.0,2304.2404,31,5.0,Low Risk,Regular engagement and loyalty rewards
Jill Matthias,14118.0,1710.7972000000002,27,5.0,Low Risk,Regular engagement and loyalty rewards
Nicole Hansen,19093.0,3966.7647,25,5.0,Low Risk,Regular engagement and loyalty rewards
Noah Childs,16210.0,2044.38258,29,5.0,Low Risk,Regular engagement and loyalty rewards
Nat Carroll,15794.0,-533.43088,29,5.0,Low Risk,Regular engagement and loyalty rewards
Annie Zypern,11852.0,915.7502999999999,27,4.5,Low Risk,Regular engagement and loyalty rewards
Laurel Beltran,25867.0,4349.303220000001,36,4.5,Low Risk,Regular engagement and loyalty rewards
Lena Creighton,15628.0,1153.6829000000002,35,4.5,Low Risk,Regular engagement and loyalty rewards
Sarah Bern,13888.0,2822.2053,17,4.5,Low Risk,Regular engagement and loyalty rewards
Dionis Lloyd,16207.0,1741.213,30,4.5,Low Risk,Regular engagement and loyalty rewards
Roy Skaria,7775.0,1327.26218,26,4.5,Low Risk,Regular engagement and loyalty rewards
Debra Catini,16601.0,813.2603,25,4.5,Low Risk,Regular engagement and loyalty rewards
Edward Becker,8164.0,1635.3115,23,4.5,Low Risk,Regular engagement and loyalty rewards
Mary O'Rourke,11010.0,504.1949000000001,27,4.5,Low Risk,Regular engagement and loyalty rewards
Sharelle Roach,12370.0,-2640.55486,18,4.5,Low Risk,Regular engagement and loyalty rewards
Daniel Byrd,13341.0,2319.7457,29,4.5,Low Risk,Regular engagement and loyalty rewards
Helen Wasserman,16263.0,2443.2941,33,4.5,Low Risk,Regular engagement and loyalty rewards
Fred Harton,9810.0,2732.43202,19,4.5,Low Risk,Regular engagement and loyalty rewards
Nora Preis,15102.0,390.95319999999987,30,4.5,Low Risk,Regular engagement and loyalty rewards
Parhena Norris,12233.0,1935.60322,34,4.5,Low Risk,Regular engagement and loyalty rewards
Jack Garza,14041.0,1130.53098,27,4.5,Low Risk,Regular engagement and loyalty rewards
Jay Fein,9680.0,-1604.6570000000002,29,4.5,Low Risk,Regular engagement and loyalty rewards
George Zrebassa,15190.0,4251.0618,29,4.5,Low Risk,Regular engagement and loyalty rewards
Neil Französisch,11234.0,2760.3997,26,4.5,Low Risk,Regular engagement and loyalty rewards
Bradley Talbott,12403.0,1012.2573,28,4.5,Low Risk,Regular engagement and loyalty rewards
Alan Shonely,10320.0,1031.29416,33,4.5,Low Risk,Regular engagement and loyalty rewards
Tom Stivers,14744.0,2423.2191000000003,26,4.0,Low Risk,Regular engagement and loyalty rewards
John Huston,22107.0,4435.5737,35,4.0,Low Risk,Regular engagement and loyalty rewards
Nicole Fjeld,12253.0,1367.71662,26,4.0,Low Risk,Regular engagement and loyalty rewards
Justin Ellison,12716.0,3053.4395600000003,25,4.0,Low Risk,Regular engagement and loyalty rewards
Jim Radford,15167.0,-886.7409000000001,25,4.0,Low Risk,Regular engagement and loyalty rewards
Pierre Wener,8225.0,1916.4628,30,4.0,Low Risk,Regular engagement and loyalty rewards
Harold Engle,9086.0,886.87372,31,4.0,Low Risk,Regular engagement and loyalty rewards
Richard Eichhorn,15511.0,2171.30164,28,4.0,Low Risk,Regular engagement and loyalty rewards
Ionia McGrath,8631.0,2231.80586,19,4.0,Low Risk,Regular engagement and loyalty rewards
Meg Tillman,15311.0,793.4146000000001,32,4.0,Low Risk,Regular engagement and loyalty rewards
Patrick Jones,13989.0,4267.0405,21,4.0,Low Risk,Regular engagement and loyalty rewards
Grant Thornton,9857.0,-237.60286,24,4.0,Low Risk,Regular engagement and loyalty rewards
Barry Pond,10045.0,2046.26476,26,4.0,Low Risk,Regular engagement and loyalty rewards
Karen Ferguson,17228.0,2734.1426,26,4.0,Low Risk,Regular engagement and loyalty rewards
Dorothy Badders,8943.0,758.6866,21,4.0,Low Risk,Regular engagement and loyalty rewards
Keith Dawkins,26317.0,5442.1625,38,4.0,Low Risk,Regular engagement and loyalty rewards
Ellis Ballard,21798.0,5857.62774,29,4.0,Low Risk,Regular engagement and loyalty rewards
Erin Creighton,6693.0,812.6927,25,4.0,Low Risk,Regular engagement and loyalty rewards
Roland Murray,6770.0,1185.53676,22,4.0,Low Risk,Regular engagement and loyalty rewards
Eugene Barchas,15021.0,2708.8579,30,4.0,Low Risk,Regular engagement and loyalty rewards
Shahid Hopkins,10793.0,916.7483000000001,34,4.0,Low Risk,Regular engagement and loyalty rewards
Berenike Kampe,13081.0,2374.68296,27,4.0,Low Risk,Regular engagement and loyalty rewards
Craig Carroll,15840.0,3032.9803,24,4.0,Low Risk,Regular engagement and loyalty rewards
Claudia Bergmann,13256.0,2313.51244,26,4.0,Low Risk,Regular engagement and loyalty rewards
Anthony Johnson,12219.0,2448.1024,31,4.0,Low Risk,Regular engagement and loyalty rewards
Cathy Armstrong,12117.0,1831.4899,24,4.0,Low Risk,Regular engagement and loyalty rewards
Lynn Smith,10566.0,1231.5426,28,4.0,Low Risk,Regular engagement and loyalty rewards
Dianna Vittorini,15236.0,3084.44258,21,4.0,Low Risk,Regular engagement and loyalty rewards
Doug Bickford,10908.0,2357.1251,29,4.0,Low Risk,Regular engagement and loyalty rewards
Denny Blanton,16571.0,1956.27436,27,4.0,Low Risk,Regular engagement and loyalty rewards
Lauren Leatherbury,11919.0,491.09602000000007,31,4.0,Low Risk,Regular engagement and loyalty rewards
Victoria Wilson,14555.0,-394.4214999999999,29,3.5,Low Risk,Regular engagement and loyalty rewards
Valerie Mitchum,14477.0,-1675.39438,35,3.5,Low Risk,Regular engagement and loyalty rewards
Alan Hwang,22215.0,4282.57478,34,3.5,Low Risk,Regular engagement and loyalty rewards
Fred Hopkins,28749.0,4670.79112,35,3.5,Low Risk,Regular engagement and loyalty rewards
Tony Sayre,19079.0,2193.817,29,3.5,Low Risk,Regular engagement and loyalty rewards
Philip Fox,16844.0,1656.5186,42,3.5,Low Risk,Regular engagement and loyalty rewards
Phillina Ober,16104.0,-1438.3020199999999,28,3.5,Low Risk,Regular engagement and loyalty rewards
Ralph Ritter,12976.0,2916.28698,24,3.5,Low Risk,Regular engagement and loyalty rewards
Patrick O'Donnell,23526.0,4569.8086,39,3.5,Low Risk,Regular engagement and loyalty rewards
Olvera Toch,16330.0,1169.48936,32,3.5,Low Risk,Regular engagement and loyalty rewards
Pauline Johnson,15039.0,1862.23746,27,3.5,Low Risk,Regular engagement and loyalty rewards
Pauline Webber,12042.0,1763.41776,34,3.5,Low Risk,Regular engagement and loyalty rewards
Jim Mitchum,19332.0,1639.56924,40,3.5,Low Risk,Regular engagement and loyalty rewards
Brendan Dodson,10610.0,1933.26374,21,3.5,Low Risk,Regular engagement and loyalty rewards
Joseph Airdo,17782.0,884.4269999999999,28,3.5,Low Risk,Regular engagement and loyalty rewards
Bruce Degenhardt,14753.0,2758.4609800000003,41,3.5,Low Risk,Regular engagement and loyalty rewards
Xylona Preis,11938.0,1313.2476,28,3.5,Low Risk,Regular engagement and loyalty rewards
Bryan Mills,15439.0,1510.0468,40,3.5,Low Risk,Regular engagement and loyalty rewards
Jonathan Howell,16001.0,854.1622000000001,35,3.5,Low Risk,Regular engagement and loyalty rewards
John Stevenson,12007.0,502.42190000000005,25,3.5,Low Risk,Regular engagement and loyalty rewards
Joy Daniels,9819.0,-1106.5202,29,3.5,Low Risk,Regular engagement and loyalty rewards
Chris McAfee,11428.0,1877.7196999999999,24,3.5,Low Risk,Regular engagement and loyalty rewards
Beth Paige,11813.0,1864.80238,29,3.5,Low Risk,Regular engagement and loyalty rewards
Cyma Kinney,9654.0,546.6453,36,3.5,Low Risk,Regular engagement and loyalty rewards
Adrian Hane,11404.0,2084.7572800000003,25,3.5,Low Risk,Regular engagement and loyalty rewards
Scot Coram,21678.0,3310.378,25,3.5,Low Risk,Regular engagement and loyalty rewards
Dean Braden,10363.0,461.808,28,3.5,Low Risk,Regular engagement and loyalty rewards
Frank Hawley,11409.0,3299.9893,25,3.5,Low Risk,Regular engagement and loyalty rewards
Roger Barcio,15261.0,2887.8291,26,3.5,Low Risk,Regular engagement and loyalty rewards
Liz MacKendrick,10070.0,596.811,20,3.5,Low Risk,Regular engagement and loyalty rewards
Corey-Lock,9036.0,770.20616,26,3.5,Low Risk,Regular engagement and loyalty rewards
Matt Connell,12581.0,1722.3635,26,3.5,Low Risk,Regular engagement and loyalty rewards
Dorris liebe,14587.0,1790.4462,29,3.0,Low Risk,Regular engagement and loyalty rewards
Eudokia Martin,13637.0,1727.8239,25,3.0,Low Risk,Regular engagement and loyalty rewards
Eugene Hildebrand,22408.0,1679.08682,43,3.0,Low Risk,Regular engagement and loyalty rewards
Ann Steele,11724.0,2181.5244,27,3.0,Low Risk,Regular engagement and loyalty rewards
Peter Bühler,8946.0,1870.275,18,3.0,Low Risk,Regular engagement and loyalty rewards
Naresj Patel,12289.0,1889.085,28,3.0,Low Risk,Regular engagement and loyalty rewards
Michelle Arnett,11722.0,1111.01154,31,3.0,Low Risk,Regular engagement and loyalty rewards
Tim Taslimi,9484.0,1276.6922,24,3.0,Low Risk,Regular engagement and loyalty rewards
Aleksandra Gannaway,14293.0,599.1866,28,3.0,Low Risk,Regular engagement and loyalty rewards
Lisa Hazard,8199.0,1060.6509,19,3.0,Low Risk,Regular engagement and loyalty rewards
Chloris Kastensmidt,11841.0,427.4657000000001,39,3.0,Low Risk,Regular engagement and loyalty rewards
Chuck Magee,10499.0,572.19568,25,3.0,Low Risk,Regular engagement and loyalty rewards
Anthony Jacobs,17525.0,1228.7002,35,3.0,Low Risk,Regular engagement and loyalty rewards
Liz Willingham,7383.0,1531.6212,22,3.0,Low Risk,Regular engagement and loyalty rewards
Ken Heidel,8817.0,1446.4158599999998,28,3.0,Low Risk,Regular engagement and loyalty rewards
Duane Noonan,13504.0,-60.92550000000004,24,3.0,Low Risk,Regular engagement and loyalty rewards
Dave Kipp,14465.0,2464.5842000000002,33,3.0,Low Risk,Regular engagement and loyalty rewards
Dianna Wilson,23234.0,4989.9692000000005,34,3.0,Low Risk,Regular engagement and loyalty rewards
Roland Schwarz,13865.0,2997.51318,29,3.0,Low Risk,Regular engagement and loyalty rewards
Sung Chung,10567.0,1612.77722,24,3.0,Low Risk,Regular engagement and loyalty rewards
Christopher Conant,31033.0,4623.5441,35,3.0,Low Risk,Regular engagement and loyalty rewards
Hunter Lopez,16092.0,2355.0901,21,3.0,Low Risk,Regular engagement and loyalty rewards
Katrina Willman,15167.0,2867.2146,25,3.0,Low Risk,Regular engagement and loyalty rewards
Nathan Mautz,22762.0,5698.9168,39,3.0,Low Risk,Regular engagement and loyalty rewards
Natalie DeCherney,13139.0,2571.81052,25,3.0,Low Risk,Regular engagement and loyalty rewards
Neola Schneider,15523.0,-712.03826,28,3.0,Low Risk,Regular engagement and loyalty rewards
Helen Abelman,16356.0,-447.4381599999999,26,3.0,Low Risk,Regular engagement and loyalty rewards
Thais Sissman,6659.0,1105.008,25,3.0,Low Risk,Regular engagement and loyalty rewards
Aaron Bergman,23884.0,4369.488,36,3.0,Low Risk,Regular engagement and loyalty rewards
Jesus Ocampo,7433.0,465.1569,27,3.0,Low Risk,Regular engagement and loyalty rewards
Noel Staavos,13030.0,624.7336,38,3.0,Low Risk,Regular engagement and loyalty rewards
Janet Lee,13070.0,2820.6490400000002,25,2.5,Low Risk,Regular engagement and loyalty rewards
Phillip Breyer,21645.0,1217.6670000000001,30,2.5,Low Risk,Regular engagement and loyalty rewards
James Galang,20204.0,4535.4996,36,2.5,Low Risk,Regular engagement and loyalty rewards
Darren Powers,14989.0,-801.1912,39,2.5,Low Risk,Regular engagement and loyalty rewards
Matt Hagelstein,12100.0,299.74298,26,2.5,Low Risk,Regular engagement and loyalty rewards
Sandra Glassco,10894.0,2648.4426,20,2.5,Low Risk,Regular engagement and loyalty rewards
Benjamin Venier,20309.0,2599.9044,24,2.5,Low Risk,Regular engagement and loyalty rewards
Charles Sheldon,19416.0,4073.9667999999997,33,2.5,Low Risk,Regular engagement and loyalty rewards
Kean Nguyen,14389.0,1208.3029999999999,31,2.5,Low Risk,Regular engagement and loyalty rewards
Jim Karlsson,16966.0,3917.8686,34,2.5,Low Risk,Regular engagement and loyalty rewards
Maya Herman,13187.0,1388.04864,32,2.5,Low Risk,Regular engagement and loyalty rewards
Neil Knudson,13805.0,3054.6447,27,2.5,Low Risk,Regular engagement and loyalty rewards
Tracy Collins,9577.0,180.64310000000006,27,2.5,Low Risk,Regular engagement and loyalty rewards
Jack Lebron,16654.0,1290.62274,37,2.5,Low Risk,Regular engagement and loyalty rewards
Max Engle,8953.0,430.3782,35,2.5,Low Risk,Regular engagement and loyalty rewards
Michael Kennedy,14018.0,-242.41650000000004,39,2.5,Low Risk,Regular engagement and loyalty rewards
Quincy Jones,18380.0,2175.533,27,2.5,Low Risk,Regular engagement and loyalty rewards
Hunter Glantz,14831.0,1110.5711999999999,32,2.5,Low Risk,Regular engagement and loyalty rewards
Candace McMahon,14676.0,-2836.9505999999997,27,2.5,Low Risk,Regular engagement and loyalty rewards
Julia Barnett,16251.0,66.93054000000015,29,2.5,Low Risk,Regular engagement and loyalty rewards
Joni Blumstein,11049.0,1018.11816,23,2.5,Low Risk,Regular engagement and loyalty rewards
Michael Stewart,16617.0,1130.3290000000002,30,2.5,Low Risk,Regular engagement and loyalty rewards
Cyra Reiten,15617.0,3293.58046,31,2.5,Low Risk,Regular engagement and loyalty rewards
Barbara Fisher,8591.0,1775.4536,28,2.5,Low Risk,Regular engagement and loyalty rewards
Sam Craven,10985.0,1105.4096,36,2.5,Low Risk,Regular engagement and loyalty rewards
Brian Dahlen,9890.0,1425.66744,24,2.5,Low Risk,Regular engagement and loyalty rewards
Brendan Sweed,11477.0,1877.21832,27,2.5,Low Risk,Regular engagement and loyalty rewards
Charlotte Melton,11497.0,-88.90916000000001,24,2.5,Low Risk,Regular engagement and loyalty rewards
Tom Ashbrook,35155.0,6205.4371,26,2.5,Low Risk,Regular engagement and loyalty rewards
Kelly Collister,17074.0,2219.77156,27,2.5,Low Risk,Regular engagement and loyalty rewards
Lena Hernandez,12797.0,948.83858,31,2.5,Low Risk,Regular engagement and loyalty rewards
Anna Andreadi,16052.0,2134.0734,42,2.5,Low Risk,Regular engagement and loyalty rewards
Frank Atkinson,13908.0,1314.9337,33,2.5,Low Risk,Regular engagement and loyalty rewards
Elpida Rittenbach,17085.0,2563.9082000000003,25,2.5,Low Risk,Regular engagement and loyalty rewards
Anna Gayman,15149.0,926.1277,30,2.5,Low Risk,Regular engagement and loyalty rewards
Eva Jacobs,11856.0,2315.0293,23,2.5,Low Risk,Regular engagement and loyalty rewards
Carlos Soltero,13971.0,-1276.2815600000001,34,2.0,Low Risk,Regular engagement and loyalty rewards
Chad Cunningham,12324.0,2556.1474399999997,28,2.0,Low Risk,Regular engagement and loyalty rewards
Bart Watters,31562.0,3560.4859,44,2.0,Low Risk,Regular engagement and loyalty rewards
Maureen Gastineau,20355.0,739.4347,36,2.0,Low Risk,Regular engagement and loyalty rewards
Jill Stevenson,9752.0,-97.54349999999997,22,2.0,Low Risk,Regular engagement and loyalty rewards
Dana Kaydos,15362.0,1007.21146,25,2.0,Low Risk,Regular engagement and loyalty rewards
Christina DeMoss,15949.0,2264.14938,27,2.0,Low Risk,Regular engagement and loyalty rewards
Thomas Thornton,11345.0,1147.84126,28,2.0,Low Risk,Regular engagement and loyalty rewards
Cassandra Brandow,12016.0,56.89650000000003,27,2.0,Low Risk,Regular engagement and loyalty rewards
Carol Darley,10062.0,998.9110599999999,26,2.0,Low Risk,Regular engagement and loyalty rewards
Claire Gute,13828.0,2404.58142,22,2.0,Low Risk,Regular engagement and loyalty rewards
Deirdre Greer,13139.0,1597.2696,29,2.0,Low Risk,Regular engagement and loyalty rewards
Eric Murdock,25641.0,3624.83988,39,2.0,Low Risk,Regular engagement and loyalty rewards
Anthony Rawles,16603.0,3387.1266,40,2.0,Low Risk,Regular engagement and loyalty rewards
Duane Huffman,12043.0,2217.9435,25,2.0,Low Risk,Regular engagement and loyalty rewards
Laura Armstrong,27377.0,3889.8058,44,2.0,Low Risk,Regular engagement and loyalty rewards
Susan Pistek,28981.0,6481.855259999999,31,2.0,Low Risk,Regular engagement and loyalty rewards
Mark Hamilton,14522.0,438.48702000000003,36,2.0,Low Risk,Regular engagement and loyalty rewards
Carl Jackson,13057.0,1802.54596,26,2.0,Low Risk,Regular engagement and loyalty rewards
Barry Franz,12241.0,259.3801600000001,22,2.0,Low Risk,Regular engagement and loyalty rewards
Jane Waco,30043.0,6215.2749,36,2.0,Low Risk,Regular engagement and loyalty rewards
Cari Sayre,19336.0,2196.4382,31,2.0,Low Risk,Regular engagement and loyalty rewards
Katherine Ducich,11470.0,2414.913,19,2.0,Low Risk,Regular engagement and loyalty rewards
Ralph Kennedy,13915.0,-1591.8794199999998,29,2.0,Low Risk,Regular engagement and loyalty rewards
Barry Französisch,13125.0,990.6263,30,2.0,Low Risk,Regular engagement and loyalty rewards
Joe Elijah,21938.0,3549.7269,39,1.5,Low Risk,Regular engagement and loyalty rewards
Maria Zettner,16659.0,2260.8424,27,1.5,Low Risk,Regular engagement and loyalty rewards
Nat Gilpin,11644.0,2899.13836,27,1.5,Low Risk,Regular engagement and loyalty rewards
Michael Nguyen,12995.0,1085.30492,23,1.5,Low Risk,Regular engagement and loyalty rewards
Mike Pelletier,19274.0,-290.5033999999999,39,1.5,Low Risk,Regular engagement and loyalty rewards
Tracy Blumstein,19753.0,495.35161999999985,43,1.5,Low Risk,Regular engagement and loyalty rewards
Julia West,19146.0,3295.8212,27,1.5,Low Risk,Regular engagement and loyalty rewards
Maribeth Yedwab,15232.0,3158.4385,28,1.5,Low Risk,Regular engagement and loyalty rewards
Bruce Geld,13277.0,977.5443000000002,22,1.5,Low Risk,Regular engagement and loyalty rewards
Chad Sievert,11856.0,26.2146999999999,23,1.5,Low Risk,Regular engagement and loyalty rewards
Scot Wooten,14172.0,1770.4503,27,1.5,Low Risk,Regular engagement and loyalty rewards
Bobby Odegard,13122.0,2260.0107199999998,26,1.5,Low Risk,Regular engagement and loyalty rewards
Sean Braxton,18856.0,-990.6594,25,1.5,Low Risk,Regular engagement and loyalty rewards
Anne Pryor,15386.0,3226.9128,22,1.5,Low Risk,Regular engagement and loyalty rewards
Ann Blume,17067.0,2098.9822999999997,25,1.5,Low Risk,Regular engagement and loyalty rewards
Lindsay Castell,14210.0,1411.6457,29,1.5,Low Risk,Regular engagement and loyalty rewards
Deanra Eno,12397.0,1648.0174,27,1.5,Low Risk,Regular engagement and loyalty rewards
Sally Knutson,12279.0,2894.35092,23,1.5,Low Risk,Regular engagement and loyalty rewards
Sung Pak,13272.0,1814.78206,27,1.5,Low Risk,Regular engagement and loyalty rewards
Christopher Martinez,21368.0,3428.80452,27,1.5,Low Risk,Regular engagement and loyalty rewards
Thomas Boland,12196.0,949.5021999999999,27,1.5,Low Risk,Regular engagement and loyalty rewards
Patrick O'Brill,26160.0,3563.5687,42,1.5,Low Risk,Regular engagement and loyalty rewards
Rick Bensley,16299.0,3361.4734,31,1.5,Low Risk,Regular engagement and loyalty rewards
Barry Weirich,15310.0,3523.3473000000004,21,1.5,Low Risk,Regular engagement and loyalty rewards
Barry Blumstein,9243.0,191.50859999999997,33,1.5,Low Risk,Regular engagement and loyalty rewards
Carl Weiss,10460.0,2054.0966,27,1.5,Low Risk,Regular engagement and loyalty rewards
Luke Schmidt,14346.0,1472.3707200000001,27,1.5,Low Risk,Regular engagement and loyalty rewards
Alex Avila,15559.0,985.2035,23,1.5,Low Risk,Regular engagement and loyalty rewards
Liz Carlisle,19861.0,2857.4118200000003,26,1.5,Low Risk,Regular engagement and loyalty rewards
Lena Cacioppo,10685.0,1091.10486,27,1.5,Low Risk,Regular engagement and loyalty rewards
Evan Minnotte,16548.0,3362.14376,26,1.0,Low Risk,Regular engagement and loyalty rewards
Luke Weiss,11951.0,827.06554,27,1.0,Low Risk,Regular engagement and loyalty rewards
Toby Ritter,11970.0,2370.97146,25,1.0,Low Risk,Regular engagement and loyalty rewards
Lindsay Shagiari,7298.0,1415.7656,23,1.0,Low Risk,Regular engagement and loyalty rewards
Roland Fjeld,12611.0,1051.8955,24,1.0,Low Risk,Regular engagement and loyalty rewards
Rob Beeghly,10927.0,1372.6401999999998,27,1.0,Low Risk,Regular engagement and loyalty rewards
Eric Barreto,10381.0,1612.5227000000002,23,1.0,Low Risk,Regular engagement and loyalty rewards
Corinna Mitchell,14955.0,-861.0536199999999,28,1.0,Low Risk,Regular engagement and loyalty rewards
Susan Vittorini,10821.0,327.0463000000001,23,1.0,Low Risk,Regular engagement and loyalty rewards
Don Miller,11229.0,-275.6655199999999,23,1.0,Low Risk,Regular engagement and loyalty rewards
Larry Tron,18501.0,4182.92994,31,1.0,Low Risk,Regular engagement and loyalty rewards
Jim Epp,13393.0,1307.4845,29,1.0,Low Risk,Regular engagement and loyalty rewards
Bart Folk,13359.0,2135.4900000000002,25,1.0,Low Risk,Regular engagement and loyalty rewards
Joe Kamberova,26057.0,4272.4303,39,1.0,Low Risk,Regular engagement and loyalty rewards
Gene Hale,14543.0,2260.7924,23,1.0,Low Risk,Regular engagement and loyalty rewards
Hallie Redmond,14914.0,1427.792,24,1.0,Low Risk,Regular engagement and loyalty rewards
Jack O'Briant,13323.0,3042.6519,27,1.0,Low Risk,Regular engagement and loyalty rewards
Justin Ritter,12603.0,2553.8942,24,1.0,Low Risk,Regular engagement and loyalty rewards
Mike Caudle,8118.0,1241.1995,27,1.0,Low Risk,Regular engagement and loyalty rewards
John Lucas,10234.0,408.0426,25,1.0,Low Risk,Regular engagement and loyalty rewards
Mike Gockenbach,21141.0,5637.1362,23,1.0,Low Risk,Regular engagement and loyalty rewards
Richard Bierner,13975.0,-1488.1934800000001,32,1.0,Low Risk,Regular engagement and loyalty rewards
Becky Pak,12209.0,3175.5557599999997,26,1.0,Low Risk,Regular engagement and loyalty rewards
Linda Southworth,12951.0,-103.76193999999992,30,1.0,Low Risk,Regular engagement and loyalty rewards
Max Jones,14955.0,2367.4017,27,1.0,Low Risk,Regular engagement and loyalty rewards
Jennifer Halladay,11962.0,1578.7236,32,1.0,Low Risk,Regular engagement and loyalty rewards
Brenda Bowman,8742.0,1214.06818,24,0.5,Low Risk,Regular engagement and loyalty rewards
Stuart Calhoun,11361.0,1262.565,24,0.5,Low Risk,Regular engagement and loyalty rewards
Scott Williamson,13920.0,337.31899999999985,30,0.5,Low Risk,Regular engagement and loyalty rewards
Stefanie Holloman,13895.0,1871.1766,26,0.5,Low Risk,Regular engagement and loyalty rewards
Cynthia Voltz,14377.0,1842.1129,24,0.5,Low Risk,Regular engagement and loyalty rewards
Maxwell Schwartz,17625.0,2780.66544,40,0.5,Low Risk,Regular engagement and loyalty rewards
Katrina Bavinger,12333.0,475.5652,25,0.5,Low Risk,Regular engagement and loyalty rewards
Pete Armstrong,9538.0,1513.81256,25,0.5,Low Risk,Regular engagement and loyalty rewards
Nora Paige,15618.0,3008.92506,24,0.5,Low Risk,Regular engagement and loyalty rewards
Ben Peterman,16103.0,1268.6354199999998,31,0.5,Low Risk,Regular engagement and loyalty rewards
Andrew Gjertsen,16372.0,2638.16386,39,0.5,Low Risk,Regular engagement and loyalty rewards
Vivek Grady,21948.0,4126.75116,24,0.5,Low Risk,Regular engagement and loyalty rewards
Valerie Dominguez,14663.0,2298.1298,25,0.5,Low Risk,Regular engagement and loyalty rewards
Bryan Spruell,16388.0,2667.8474,27,0.5,Low Risk,Regular engagement and loyalty rewards
Erin Mull,14274.0,3671.28718,23,0.5,Low Risk,Regular engagement and loyalty rewards
Astrea Jones,12978.0,2591.4159799999998,25,0.5,Low Risk,Regular engagement and loyalty rewards
Shahid Collister,15512.0,2264.06824,40,0.5,Low Risk,Regular engagement and loyalty rewards
Greg Maxwell,15313.0,-12.058500000000212,25,0.0,Low Risk,Regular engagement and loyalty rewards
Jason Gross,11757.0,2164.2491,24,0.0,Low Risk,Regular engagement and loyalty rewards
Karen Carlisle,9394.0,1666.9,33,0.0,Low Risk,Regular engagement and loyalty rewards
Jeremy Lonsdale,11209.0,1129.0073,23,0.0,Low Risk,Regular engagement and loyalty rewards
Ritsa Hightower,12751.0,778.6747,23,0.0,Low Risk,Regular engagement and loyalty rewards
Denny Ordway,18147.0,3958.9734000000003,40,0.0,Low Risk,Regular engagement and loyalty rewards
Matthew Grinstein,11844.0,2090.54648,20,0.0,Low Risk,Regular engagement and loyalty rewards
Kimberly Carter,12571.0,2183.94014,23,0.0,Low Risk,Regular engagement and loyalty rewards
Daniel Lacy,11356.0,1177.8636000000001,25,0.0,Low Risk,Regular engagement and loyalty rewards
Susan Gilcrest,11888.0,1075.71256,25,0.0,Low Risk,Regular engagement and loyalty rewards
Christopher Schild,11847.0,1948.51846,23,0.0,Low Risk,Regular engagement and loyalty rewards
Christy Brittain,12794.0,2443.5599,24,0.0,Low Risk,Regular engagement and loyalty rewards
Alex Grayson,14398.0,999.17618,29,0.0,Low Risk,Regular engagement and loyalty rewards
Chad McGuire,16085.0,2298.3022,21,0.0,Low Risk,Regular engagement and loyalty rewards
Tom Prescott,12700.0,432.2923000000001,25,0.0,Low Risk,Regular engagement and loyalty rewards
Aimee Bixby,15808.0,3010.8444999999997,26,0.0,Low Risk,Regular engagement and loyalty rewards
