year_month,revenue,profit,orders,customers
2011-01,98902.0,8321.80096,216,195
2011-02,91152.0,12417.90698,183,163
2011-03,145726.0,15303.56826,277,235
2011-04,116927.0,12902.32438,267,228
2011-05,146762.0,12183.8287,295,240
2011-06,215214.0,23415.24702,468,341
2011-07,115518.0,5585.00352,250,219
2011-08,207570.0,23713.66772,443,325
2011-09,290230.0,35776.88394,527,381
2011-10,199070.0,25963.41834,401,314
2011-11,298499.0,32709.17772,563,414
2011-12,333941.0,40647.984000000004,620,422
2012-01,135775.0,10401.637639999999,260,225
2012-02,100521.0,15000.09618,230,201
2012-03,163092.0,17992.917559999998,337,285
2012-04,161060.0,17366.96722,322,262
2012-05,208370.0,29876.70374,413,306
2012-06,256181.0,34407.15362,571,418
2012-07,145247.0,15585.38842,324,261
2012-08,303158.0,43573.87858,522,381
2012-09,289390.0,27776.18034,641,447
2012-10,252942.0,30662.8827,499,374
2012-11,323512.0,31820.7218,716,478
2012-12,338245.0,32950.751299999996,628,432
2013-01,199197.0,26810.55968,345,276
2013-02,167247.0,25340.0261,306,250
2013-03,198591.0,23433.77462,411,315
2013-04,177835.0,19462.03844,394,303
2013-05,260525.0,28495.6941,522,377
2013-06,396513.0,45478.4134,724,475
2013-07,229940.0,28863.8272,447,340
2013-08,326491.0,31023.66846,692,458
2013-09,376626.0,38905.66778,836,503
2013-10,293423.0,42433.22258,580,401
2013-11,373996.0,48062.9967,789,513
2013-12,405476.0,50202.87112,825,508
2014-01,241267.0,28001.38626,450,344
2014-02,184848.0,19751.69996,385,317
2014-03,263110.0,37357.26052,530,386
2014-04,242781.0,23782.3012,523,383
2014-05,288404.0,33953.55774,667,443
2014-06,401843.0,43778.6028,899,542
2014-07,258718.0,28035.87258,540,375
2014-08,456633.0,53542.89496,843,513
2014-09,481186.0,67979.4511,1017,574
2014-10,422785.0,58209.83476,810,507
2014-11,555312.0,62856.5879,1077,592
2014-12,503154.0,46916.52068,1093,589
