customer_name,total_sales,total_quantity,total_profit,average_discount,average_shipping_days,number_of_orders,anomaly,behavior_status
Amy Cox,17155.0,143,3980.4112,0.17102564102564102,3.358974358974359,39,-1,Anomalous
Andy Reiter,8545.0,89,3139.0833,0.11857142857142858,3.4,35,-1,Anomalous
Bart Watters,32315.0,338,3595.8858999999998,0.09666666666666666,3.9583333333333335,96,-1,Anomalous
Bill Eplett,28480.0,411,7410.0053,0.08354901960784314,4.03921568627451,102,-1,Anomalous
Bill Overfelt,8093.0,158,415.21970000000005,0.260468085106383,4.808510638297872,47,-1,Anomalous
Bill Shonely,23511.0,254,5968.90736,0.053794117647058826,4.4411764705882355,68,-1,Anomalous
Brosina Hoffman,28120.0,355,4876.9398,0.14637113402061855,4.278350515463917,97,-1,Anomalous
Candace McMahon,14798.0,172,-2798.7906,0.21130434782608698,3.869565217391304,46,-1,Anomalous
Catherine Glotzbach,4116.0,120,-246.83939999999998,0.2991428571428571,4.285714285714286,35,-1,Anomalous
Christopher Conant,35187.0,287,5603.3337,0.12904109589041096,3.7945205479452055,73,-1,Anomalous
Cindy Stewart,13432.0,153,-6151.558099999999,0.09952380952380951,4.119047619047619,42,-1,Anomalous
Darrin Van Huff,22749.0,298,616.32492,0.2490851063829787,3.627659574468085,94,-1,Anomalous
David Bremer,6275.0,116,-2270.6965800000003,0.20741176470588235,3.764705882352941,34,-1,Anomalous
Emily Burns,7037.0,108,20.558200000000028,0.24828571428571428,4.314285714285714,35,-1,Anomalous
Eric Murdock,28085.0,392,3306.01548,0.15344,4.07,100,-1,Anomalous
Gary Hwang,24629.0,377,3908.1151000000004,0.13823529411764707,3.607843137254902,102,-1,Anomalous
Grant Thornton,20226.0,182,-3577.92306,0.18508333333333335,3.9583333333333335,48,-1,Anomalous
Greg Tran,35552.0,310,5214.13118,0.14144827586206898,4.528735632183908,87,-1,Anomalous
Harry Greene,24217.0,343,-291.4922799999999,0.11912871287128712,4.267326732673268,101,-1,Anomalous
Harry Marie,28477.0,313,6958.2864,0.1591764705882353,4.576470588235294,85,-1,Anomalous
Hunter Lopez,30246.0,207,7816.567779999999,0.11777358490566038,4.90566037735849,53,-1,Anomalous
Luke Foster,13422.0,246,-3644.3475,0.23442622950819672,3.180327868852459,61,-1,Anomalous
Michael Oakman,5464.0,79,286.2586,0.13448275862068965,5.0,29,-1,Anomalous
Mike Gockenbach,23378.0,185,6458.6762,0.19941176470588234,3.450980392156863,51,-1,Anomalous
Muhammed Yedwab,29644.0,351,2642.6540800000002,0.15483333333333335,3.9166666666666665,108,-1,Anomalous
Natalie Fritzler,31778.0,325,1542.8211000000001,0.1794736842105263,3.9894736842105263,95,-1,Anomalous
Nicole Brennan,5935.0,93,-691.4278,0.27909677419354845,3.5483870967741935,31,-1,Anomalous
Patrick O'Brill,26712.0,370,3778.3637,0.14137254901960783,3.9901960784313726,102,-1,Anomalous
Raymond Buch,29601.0,262,8453.0495,0.0847887323943662,3.6056338028169015,71,-1,Anomalous
Sanjit Chand,26524.0,244,8205.3799,0.1498550724637681,4.536231884057971,69,-1,Anomalous
Sanjit Engle,30143.0,299,6015.78392,0.06224390243902439,4.390243902439025,82,-1,Anomalous
Sean Braxton,20514.0,208,-1896.9793,0.2309433962264151,3.7358490566037736,53,-1,Anomalous
Sean Miller,35170.0,169,-409.70634000000007,0.19024000000000002,4.44,50,-1,Anomalous
Sharelle Roach,13005.0,206,-2551.18846,0.226,5.0576923076923075,52,-1,Anomalous
Steven Ward,25669.0,383,2794.7316,0.09754716981132075,4.084905660377358,106,-1,Anomalous
Sung Shariari,5331.0,150,-559.9772,0.24590697674418605,4.744186046511628,43,-1,Anomalous
Tamara Chand,37453.0,271,8672.8989,0.18468181818181817,3.5454545454545454,88,-1,Anomalous
Tom Ashbrook,40489.0,284,6311.9791,0.090125,4.1,80,-1,Anomalous
Vivian Mathis,3891.0,120,656.9143,0.06583333333333334,3.75,36,-1,Anomalous
Zuschuss Carroll,28485.0,334,436.93626,0.22131764705882354,4.329411764705882,85,-1,Anomalous
